seed,index_kms_history,kms_history
56428042,0,[625.172 625.172 625.172 ... 594.985 617.808 617.808]
56428042,1,[625.172 625.172 625.172 ... 594.985 617.808 617.808]
56428042,2,[625.172 625.172 625.172 ... 594.985 617.808 617.808]
56428042,3,[625.172 625.172 625.172 ... 594.985 617.808 617.808]
56428042,4,[625.172 625.172 625.172 ... 594.985 617.808 617.808]
56428042,5,[625.172 625.172 625.172 ... 594.985 617.808 617.808]
56428042,6,[625.172 625.172 625.172 ... 594.985 617.808 617.808]
56428042,7,[625.172 625.172 625.172 ... 594.985 617.808 617.808]
56428042,8,[625.172 625.172 625.172 ... 594.985 617.808 617.808]
56428042,9,[625.172 625.172 625.172 ... 594.985 617.808 617.808]
56428042,10,[625.172 625.172 625.172 ... 594.985 617.808 617.808]
56428042,11,[625.172 625.172 625.172 ... 594.985 617.808 617.808]
56428042,12,[625.172 625.172 625.172 ... 594.985 617.808 617.808]
56428042,13,[625.172 625.172 625.172 ... 594.985 617.808 617.808]
56428042,14,[625.172 625.172 625.172 ... 594.985 617.808 617.808]
56428042,15,[625.172 625.172 625.172 ... 594.985 617.808 617.808]
56428042,16,[625.172 625.172 625.172 ... 594.985 617.808 617.808]
56428042,17,[625.172 625.172 625.172 ... 594.985 617.808 617.808]
56428042,18,[625.172 625.172 625.172 ... 594.985 617.808 617.808]
56428042,19,[625.172 625.172 625.172 ... 594.985 617.808 617.808]
56428042,20,[625.172 625.172 625.172 ... 594.985 617.808 617.808]
56428042,21,[625.172 625.172 625.172 ... 594.985 617.808 617.808]
56428042,22,[625.172 625.172 625.172 ... 594.985 617.808 617.808]
56428042,23,[625.172 625.172 625.172 ... 594.985 617.808 617.808]
56428042,24,[625.172 625.172 625.172 ... 594.985 617.808 617.808]
56428042,25,[625.172 625.172 625.172 ... 594.985 617.808 617.808]
56428042,26,[625.172 625.172 625.172 ... 594.985 617.808 617.808]
56428042,27,[625.172 625.172 625.172 ... 594.985 617.808 617.808]
56428042,28,[625.172 625.172 625.172 ... 594.985 617.808 617.808]
56428042,29,[625.172 625.172 625.172 ... 594.985 617.808 617.808]
56428042,30,[625.172 625.172 625.172 ... 594.985 617.808 617.808]
56428042,31,[625.172 625.172 625.172 ... 594.985 617.808 617.808]
56428042,32,[625.172 625.172 625.172 ... 594.985 617.808 617.808]
56428042,33,[625.172 625.172 625.172 ... 594.985 617.808 617.808]
56428042,34,[625.172 625.172 625.172 ... 594.985 617.808 617.808]
56428042,35,[625.172 625.172 625.172 ... 594.985 617.808 617.808]
56428042,36,[625.172 625.172 625.172 ... 594.985 617.808 617.808]
56428042,37,[625.172 625.172 625.172 ... 594.985 617.808 617.808]
56428042,38,[625.172 625.172 625.172 ... 594.985 617.808 617.808]
56428042,39,[625.172 625.172 625.172 ... 594.985 617.808 617.808]
56428042,40,[625.172 625.172 625.172 ... 594.985 617.808 617.808]
56428042,41,[625.172 625.172 625.172 ... 594.985 617.808 617.808]
56428042,42,[625.172 625.172 625.172 ... 594.985 617.808 617.808]
56428042,43,[625.172 625.172 625.172 ... 594.985 617.808 617.808]
56428042,44,[625.172 625.172 625.172 ... 594.985 617.808 617.808]
56428042,45,[625.172 625.172 625.172 ... 594.985 617.808 617.808]
56428042,46,[625.172 625.172 625.172 ... 594.985 617.808 617.808]
56428042,47,[625.172 625.172 625.172 ... 594.985 617.808 617.808]
56428042,48,[625.172 625.172 625.172 ... 594.985 617.808 617.808]
56428042,49,[625.172 625.172 625.172 ... 594.985 617.808 617.808]
56428042,50,[625.172 625.172 625.172 ... 594.985 617.808 617.808]
56428042,51,[625.172 625.172 625.172 ... 594.985 617.808 617.808]
56428042,52,[625.172 625.172 625.172 ... 594.985 617.808 617.808]
56428042,53,[625.172 625.172 625.172 ... 594.985 617.808 617.808]
56428042,54,[625.172 625.172 625.172 ... 594.985 617.808 617.808]
56428042,55,[625.172 625.172 625.172 ... 594.985 617.808 617.808]
56428042,56,[625.172 625.172 625.172 ... 594.985 617.808 617.808]
56428042,57,[625.172 625.172 625.172 ... 594.985 617.808 617.808]
56428042,58,[625.172 625.172 625.172 ... 594.985 617.808 617.808]
56428042,59,[625.172 625.172 625.172 ... 594.985 617.808 617.808]
56428042,60,[625.172 625.172 625.172 ... 594.985 617.808 617.808]
56428042,61,[625.172 625.172 625.172 ... 594.985 617.808 617.808]
56428042,62,[625.172 625.172 625.172 ... 594.985 617.808 617.808]
56428042,63,[625.172 625.172 625.172 ... 594.985 617.808 617.808]
56428042,64,[625.172 625.172 625.172 ... 594.985 617.808 617.808]
56428042,65,[625.172 625.172 625.172 ... 594.985 617.808 617.808]
56428042,66,[625.172 625.172 625.172 ... 594.985 617.808 617.808]
56428042,67,[625.172 625.172 625.172 ... 594.985 617.808 617.808]
56428042,68,[625.172 625.172 625.172 ... 594.985 617.808 617.808]
56428042,69,[625.172 625.172 625.172 ... 594.985 617.808 617.808]
56428042,70,[625.172 625.172 625.172 ... 594.985 617.808 617.808]
56428042,71,[625.172 625.172 625.172 ... 594.985 617.808 617.808]
56428042,72,[625.172 625.172 625.172 ... 594.985 617.808 617.808]
56428042,73,[625.172 625.172 625.172 ... 594.985 617.808 617.808]
56428042,74,[625.172 625.172 625.172 ... 594.985 617.808 617.808]
56428042,75,[625.172 625.172 625.172 ... 594.985 617.808 617.808]
56428042,76,[625.172 625.172 625.172 ... 594.985 617.808 617.808]
56428042,77,[625.172 625.172 625.172 ... 594.985 617.808 617.808]
56428042,78,[625.172 625.172 625.172 ... 594.985 617.808 617.808]
56428042,79,[625.172 625.172 625.172 ... 594.985 617.808 617.808]
56428042,80,[625.172 625.172 625.172 ... 594.985 617.808 617.808]
56428042,81,[625.172 625.172 625.172 ... 594.985 617.808 617.808]
56428042,82,[625.172 625.172 625.172 ... 594.985 617.808 617.808]
56428042,83,[625.172 625.172 625.172 ... 594.985 617.808 617.808]
56428042,84,[625.172 625.172 625.172 ... 594.985 617.808 617.808]
56428042,85,[625.172 625.172 625.172 ... 594.985 617.808 617.808]
56428042,86,[625.172 625.172 625.172 ... 594.985 617.808 617.808]
56428042,87,[625.172 625.172 625.172 ... 594.985 617.808 617.808]
56428042,88,[625.172 625.172 625.172 ... 594.985 617.808 617.808]
56428042,89,[625.172 625.172 625.172 ... 594.985 617.808 617.808]
56428042,90,[625.172 625.172 625.172 ... 594.985 617.808 617.808]
56428042,91,[625.172 625.172 625.172 ... 594.985 617.808 617.808]
56428042,92,[625.172 625.172 625.172 ... 594.985 617.808 617.808]
56428042,93,[625.172 625.172 625.172 ... 594.985 617.808 617.808]
56428042,94,[625.172 625.172 625.172 ... 594.985 617.808 617.808]
56428042,95,[625.172 625.172 625.172 ... 594.985 617.808 617.808]
56428042,96,[625.172 625.172 625.172 ... 594.985 617.808 617.808]
56428042,97,[625.172 625.172 625.172 ... 594.985 617.808 617.808]
56428042,98,[625.172 625.172 625.172 ... 594.985 617.808 617.808]
56428042,99,[625.172 625.172 625.172 ... 594.985 617.808 617.808]
56428042,100,[625.172 625.172 625.172 ... 594.985 617.808 617.808]
56428042,101,[625.172 625.172 625.172 ... 594.985 617.808 617.808]
56428042,102,[625.172 625.172 625.172 ... 594.985 617.808 617.808]
56428042,103,[625.172 625.172 625.172 ... 594.985 617.808 617.808]
56428042,104,[625.172 625.172 625.172 ... 594.985 617.808 617.808]
56428042,105,[625.172 625.172 625.172 ... 594.985 617.808 617.808]
56428042,106,[625.172 625.172 625.172 ... 594.985 617.808 617.808]
56428042,107,[625.172 625.172 625.172 ... 594.985 617.808 617.808]
56428042,108,[625.172 625.172 625.172 ... 594.985 617.808 617.808]
56428042,109,[625.172 625.172 625.172 ... 594.985 617.808 617.808]
56428042,110,[625.172 625.172 625.172 ... 594.985 617.808 617.808]
56428042,111,[625.172 625.172 625.172 ... 594.985 617.808 617.808]
56428042,112,[625.172 625.172 625.172 ... 594.985 617.808 617.808]
56428042,113,[625.172 625.172 625.172 ... 594.985 617.808 617.808]
56428042,114,[625.172 625.172 625.172 ... 594.985 617.808 617.808]
56428042,115,[625.172 625.172 625.172 ... 594.985 617.808 617.808]
56428042,116,[625.172 625.172 625.172 ... 594.985 617.808 617.808]
56428042,117,[625.172 625.172 625.172 ... 594.985 617.808 617.808]
56428042,118,[625.172 625.172 625.172 ... 594.985 617.808 617.808]
56428042,119,[625.172 625.172 625.172 ... 594.985 617.808 617.808]
56428042,120,[625.172 625.172 625.172 ... 594.985 617.808 617.808]
56428042,121,[625.172 625.172 625.172 ... 594.985 617.808 617.808]
56428042,122,[625.172 625.172 625.172 ... 594.985 617.808 617.808]
56428042,123,[625.172 625.172 625.172 ... 594.985 617.808 617.808]
56428042,124,[625.172 625.172 625.172 ... 594.985 617.808 617.808]
56428042,125,[625.172 625.172 625.172 ... 594.985 617.808 617.808]
56428042,126,[625.172 625.172 625.172 ... 594.985 617.808 617.808]
56428042,127,[625.172 625.172 625.172 ... 594.985 617.808 617.808]
56428042,128,[625.172 625.172 625.172 ... 594.985 617.808 617.808]
56428042,129,[625.172 625.172 625.172 ... 594.985 617.808 617.808]
56428042,130,[625.172 625.172 625.172 ... 594.985 617.808 617.808]
56428042,131,[625.172 625.172 625.172 ... 594.985 617.808 617.808]
56428042,132,[625.172 625.172 625.172 ... 594.985 617.808 617.808]
56428042,133,[625.172 625.172 625.172 ... 594.985 617.808 617.808]
56428042,134,[625.172 625.172 625.172 ... 594.985 617.808 617.808]
56428042,135,[625.172 625.172 625.172 ... 594.985 617.808 617.808]
56428042,136,[625.172 625.172 625.172 ... 594.985 617.808 617.808]
56428042,137,[625.172 625.172 625.172 ... 594.985 617.808 617.808]
56428042,138,[625.172 625.172 625.172 ... 594.985 617.808 617.808]
56428042,139,[625.172 625.172 625.172 ... 594.985 617.808 617.808]
56428042,140,[625.172 625.172 625.172 ... 594.985 617.808 617.808]
56428042,141,[625.172 625.172 625.172 ... 594.985 617.808 617.808]
56428042,142,[625.172 625.172 625.172 ... 594.985 617.808 617.808]
56428042,143,[625.172 625.172 625.172 ... 594.985 617.808 617.808]
56428042,144,[625.172 625.172 625.172 ... 594.985 617.808 617.808]
56428042,145,[625.172 625.172 625.172 ... 594.985 617.808 617.808]
56428042,146,[625.172 625.172 625.172 ... 594.985 617.808 617.808]
56428042,147,[625.172 625.172 625.172 ... 594.985 617.808 617.808]
56428042,148,[625.172 625.172 625.172 ... 594.985 617.808 617.808]
56428042,149,[625.172 625.172 625.172 ... 594.985 617.808 617.808]
56428042,150,[625.172 625.172 625.172 ... 594.985 617.808 617.808]
56428042,151,[625.172 625.172 625.172 ... 594.985 617.808 617.808]
56428042,152,[625.172 625.172 625.172 ... 594.985 617.808 617.808]
56428042,153,[625.172 625.172 625.172 ... 594.985 617.808 617.808]
56428042,154,[625.172 625.172 625.172 ... 594.985 617.808 617.808]
56428042,155,[625.172 625.172 625.172 ... 594.985 617.808 617.808]
56428042,156,[625.172 625.172 625.172 ... 594.985 617.808 617.808]
56428042,157,[625.172 625.172 625.172 ... 594.985 617.808 617.808]
56428042,158,[625.172 625.172 625.172 ... 594.985 617.808 617.808]
56428042,159,[625.172 625.172 625.172 ... 594.985 617.808 617.808]
56428042,160,[625.172 625.172 625.172 ... 594.985 617.808 617.808]
56428042,161,[625.172 625.172 625.172 ... 594.985 617.808 617.808]
56428042,162,[625.172 625.172 625.172 ... 594.985 617.808 617.808]
56428042,163,[625.172 625.172 625.172 ... 594.985 617.808 617.808]
56428042,164,[625.172 625.172 625.172 ... 594.985 617.808 617.808]
56428042,165,[625.172 625.172 625.172 ... 594.985 617.808 617.808]
56428042,166,[625.172 625.172 625.172 ... 594.985 617.808 617.808]
56428042,167,[625.172 625.172 625.172 ... 594.985 617.808 617.808]
56428042,168,[625.172 625.172 625.172 ... 594.985 617.808 617.808]
56428042,169,[625.172 625.172 625.172 ... 594.985 617.808 617.808]
56428042,170,[625.172 625.172 625.172 ... 594.985 617.808 617.808]
56428042,171,[625.172 625.172 625.172 ... 594.985 617.808 617.808]
56428042,172,[625.172 625.172 625.172 ... 594.985 617.808 617.808]
56428042,173,[625.172 625.172 625.172 ... 594.985 617.808 617.808]
56428042,174,[625.172 625.172 625.172 ... 594.985 617.808 617.808]
56428042,175,[625.172 625.172 625.172 ... 594.985 617.808 617.808]
56428042,176,[625.172 625.172 625.172 ... 594.985 617.808 617.808]
56428042,177,[625.172 625.172 625.172 ... 594.985 617.808 617.808]
56428042,178,[625.172 625.172 625.172 ... 594.985 617.808 617.808]
56428042,179,[625.172 625.172 625.172 ... 594.985 617.808 617.808]
56428042,180,[625.172 625.172 625.172 ... 594.985 617.808 617.808]
56428042,181,[625.172 625.172 625.172 ... 594.985 617.808 617.808]
56428042,182,[625.172 625.172 625.172 ... 594.985 617.808 617.808]
56428042,183,[625.172 625.172 625.172 ... 594.985 617.808 617.808]
56428042,184,[625.172 625.172 625.172 ... 594.985 617.808 617.808]
56428042,185,[625.172 625.172 625.172 ... 594.985 617.808 617.808]
56428042,186,[625.172 625.172 625.172 ... 594.985 617.808 617.808]
56428042,187,[625.172 625.172 625.172 ... 594.985 617.808 617.808]
56428042,188,[625.172 625.172 625.172 ... 594.985 617.808 617.808]
56428042,189,[625.172 625.172 625.172 ... 594.985 617.808 617.808]
56428042,190,[625.172 625.172 625.172 ... 594.985 617.808 617.808]
56428042,191,[625.172 625.172 625.172 ... 594.985 617.808 617.808]
56428042,192,[625.172 625.172 625.172 ... 594.985 617.808 617.808]
56428042,193,[625.172 625.172 625.172 ... 594.985 617.808 617.808]
56428042,194,[625.172 625.172 625.172 ... 594.985 617.808 617.808]
56428042,195,[625.172 625.172 625.172 ... 594.985 617.808 617.808]
56428042,196,[625.172 625.172 625.172 ... 594.985 617.808 617.808]
56428042,197,[625.172 625.172 625.172 ... 594.985 617.808 617.808]
56428042,198,[625.172 625.172 625.172 ... 594.985 617.808 617.808]
56428042,199,[625.172 625.172 625.172 ... 594.985 617.808 617.808]
56428042,200,[625.172 625.172 625.172 ... 594.985 617.808 617.808]
56428042,201,[625.172 625.172 625.172 ... 594.985 617.808 617.808]
56428042,202,[625.172 625.172 625.172 ... 594.985 617.808 617.808]
56428042,203,[625.172 625.172 625.172 ... 594.985 617.808 617.808]
56428042,204,[625.172 625.172 625.172 ... 594.985 617.808 617.808]
56428042,205,[625.172 625.172 625.172 ... 594.985 617.808 617.808]
56428042,206,[625.172 625.172 625.172 ... 594.985 617.808 617.808]
56428042,207,[625.172 625.172 625.172 ... 594.985 617.808 617.808]
56428042,208,[625.172 625.172 625.172 ... 594.985 617.808 617.808]
56428042,209,[625.172 625.172 625.172 ... 594.985 617.808 617.808]
56428042,210,[625.172 625.172 625.172 ... 594.985 617.808 617.808]
56428042,211,[625.172 625.172 625.172 ... 594.985 617.808 617.808]
56428042,212,[625.172 625.172 625.172 ... 594.985 617.808 617.808]
56428042,213,[625.172 625.172 625.172 ... 594.985 617.808 617.808]
56428042,214,[625.172 625.172 625.172 ... 594.985 617.808 617.808]
56428042,215,[625.172 625.172 625.172 ... 594.985 617.808 617.808]
56428042,216,[625.172 625.172 625.172 ... 594.985 617.808 617.808]
56428042,217,[625.172 625.172 625.172 ... 594.985 617.808 617.808]
56428042,218,[625.172 625.172 625.172 ... 594.985 617.808 617.808]
56428042,219,[625.172 625.172 625.172 ... 594.985 617.808 617.808]
56428042,220,[625.172 625.172 625.172 ... 594.985 617.808 617.808]
56428042,221,[625.172 625.172 625.172 ... 594.985 617.808 617.808]
56428042,222,[625.172 625.172 625.172 ... 594.985 617.808 617.808]
56428042,223,[625.172 625.172 625.172 ... 594.985 617.808 617.808]
56428042,224,[625.172 625.172 625.172 ... 594.985 617.808 617.808]
56428042,225,[625.172 625.172 625.172 ... 594.985 617.808 617.808]
56428042,226,[625.172 625.172 625.172 ... 594.985 617.808 617.808]
56428042,227,[625.172 625.172 625.172 ... 594.985 617.808 617.808]
56428042,228,[625.172 625.172 625.172 ... 594.985 617.808 617.808]
56428042,229,[625.172 625.172 625.172 ... 594.985 617.808 617.808]
56428042,230,[625.172 625.172 625.172 ... 594.985 617.808 617.808]
56428042,231,[625.172 625.172 625.172 ... 594.985 617.808 617.808]
56428042,232,[625.172 625.172 625.172 ... 594.985 617.808 617.808]
56428042,233,[625.172 625.172 625.172 ... 594.985 617.808 617.808]
56428042,234,[625.172 625.172 625.172 ... 594.985 617.808 617.808]
56428042,235,[625.172 625.172 625.172 ... 594.985 617.808 617.808]
56428042,236,[625.172 625.172 625.172 ... 594.985 617.808 617.808]
56428042,237,[625.172 625.172 625.172 ... 594.985 617.808 617.808]
56428042,238,[625.172 625.172 625.172 ... 594.985 617.808 617.808]
56428042,239,[625.172 625.172 625.172 ... 594.985 617.808 617.808]
56428042,240,[625.172 625.172 625.172 ... 594.985 617.808 617.808]
56428042,241,[625.172 625.172 625.172 ... 594.985 617.808 617.808]
56428042,242,[625.172 625.172 625.172 ... 594.985 617.808 617.808]
56428042,243,[625.172 625.172 625.172 ... 594.985 617.808 617.808]
56428042,244,[625.172 625.172 625.172 ... 594.985 617.808 617.808]
56428042,245,[625.172 625.172 625.172 ... 594.985 617.808 617.808]
56428042,246,[625.172 625.172 625.172 ... 594.985 617.808 617.808]
56428042,247,[625.172 625.172 625.172 ... 594.985 617.808 617.808]
56428042,248,[625.172 625.172 625.172 ... 594.985 617.808 617.808]
56428042,249,[625.172 625.172 625.172 ... 594.985 617.808 617.808]
56428042,250,[625.172 625.172 625.172 ... 594.985 617.808 617.808]
56428042,251,[625.172 625.172 625.172 ... 594.985 617.808 617.808]
56428042,252,[625.172 625.172 625.172 ... 594.985 617.808 617.808]
56428042,253,[625.172 625.172 625.172 ... 594.985 617.808 617.808]
56428042,254,[625.172 625.172 625.172 ... 594.985 617.808 617.808]
56428042,255,[625.172 625.172 625.172 ... 594.985 617.808 617.808]
56428042,256,[625.172 625.172 625.172 ... 594.985 617.808 617.808]
56428042,257,[625.172 625.172 625.172 ... 594.985 617.808 617.808]
56428042,258,[625.172 625.172 625.172 ... 594.985 617.808 617.808]
56428042,259,[625.172 625.172 625.172 ... 594.985 617.808 617.808]
56428042,260,[625.172 625.172 625.172 ... 594.985 617.808 617.808]
56428042,261,[625.172 625.172 625.172 ... 594.985 617.808 617.808]
56428042,262,[625.172 625.172 625.172 ... 594.985 617.808 617.808]
56428042,263,[625.172 625.172 625.172 ... 594.985 617.808 617.808]
56428042,264,[625.172 625.172 625.172 ... 594.985 617.808 617.808]
56428042,265,[625.172 625.172 625.172 ... 594.985 617.808 617.808]
56428042,266,[625.172 625.172 625.172 ... 594.985 617.808 617.808]
56428042,267,[625.172 625.172 625.172 ... 594.985 617.808 617.808]
56428042,268,[625.172 625.172 625.172 ... 594.985 617.808 617.808]
56428042,269,[625.172 625.172 625.172 ... 594.985 617.808 617.808]
56428042,270,[625.172 625.172 625.172 ... 594.985 617.808 617.808]
56428042,271,[625.172 625.172 625.172 ... 594.985 617.808 617.808]
56428042,272,[625.172 625.172 625.172 ... 594.985 617.808 617.808]
56428042,273,[625.172 625.172 625.172 ... 594.985 617.808 617.808]
56428042,274,[625.172 625.172 625.172 ... 594.985 617.808 617.808]
56428042,275,[625.172 625.172 625.172 ... 594.985 617.808 617.808]
56428042,276,[625.172 625.172 625.172 ... 594.985 617.808 617.808]
56428042,277,[625.172 625.172 625.172 ... 594.985 617.808 617.808]
56428042,278,[625.172 625.172 625.172 ... 594.985 617.808 617.808]
56428042,279,[625.172 625.172 625.172 ... 594.985 617.808 617.808]
56428042,280,[625.172 625.172 625.172 ... 594.985 617.808 617.808]
56428042,281,[625.172 625.172 625.172 ... 594.985 617.808 617.808]
56428042,282,[625.172 625.172 625.172 ... 594.985 617.808 617.808]
56428042,283,[625.172 625.172 625.172 ... 594.985 617.808 617.808]
56428042,284,[625.172 625.172 625.172 ... 594.985 617.808 617.808]
56428042,285,[625.172 625.172 625.172 ... 594.985 617.808 617.808]
56428042,286,[625.172 625.172 625.172 ... 594.985 617.808 617.808]
56428042,287,[625.172 625.172 625.172 ... 594.985 617.808 617.808]
56428042,288,[625.172 625.172 625.172 ... 594.985 617.808 617.808]
56428042,289,[625.172 625.172 625.172 ... 594.985 617.808 617.808]
56428042,290,[625.172 625.172 625.172 ... 594.985 617.808 617.808]
56428042,291,[625.172 625.172 625.172 ... 594.985 617.808 617.808]
56428042,292,[625.172 625.172 625.172 ... 594.985 617.808 617.808]
56428042,293,[625.172 625.172 625.172 ... 594.985 617.808 617.808]
56428042,294,[625.172 625.172 625.172 ... 594.985 617.808 617.808]
56428042,295,[625.172 625.172 625.172 ... 594.985 617.808 617.808]
56428042,296,[625.172 625.172 625.172 ... 594.985 617.808 617.808]
56428042,297,[625.172 625.172 625.172 ... 594.985 617.808 617.808]
56428042,298,[625.172 625.172 625.172 ... 594.985 617.808 617.808]
56428042,299,[625.172 625.172 625.172 ... 594.985 617.808 617.808]
56428042,300,[625.172 625.172 625.172 ... 594.985 617.808 617.808]
56428042,301,[625.172 625.172 625.172 ... 594.985 617.808 617.808]
56428042,302,[625.172 625.172 625.172 ... 594.985 617.808 617.808]
56428042,303,[625.172 625.172 625.172 ... 594.985 617.808 617.808]
56428042,304,[625.172 625.172 625.172 ... 594.985 617.808 617.808]
56428042,305,[625.172 625.172 625.172 ... 594.985 617.808 617.808]
56428042,306,[625.172 625.172 625.172 ... 594.985 617.808 617.808]
56428042,307,[625.172 625.172 625.172 ... 594.985 617.808 617.808]
56428042,308,[625.172 625.172 625.172 ... 594.985 617.808 617.808]
56428042,309,[625.172 625.172 625.172 ... 594.985 617.808 617.808]
56428042,310,[625.172 625.172 625.172 ... 594.985 617.808 617.808]
56428042,311,[625.172 625.172 625.172 ... 594.985 617.808 617.808]
56428042,312,[625.172 625.172 625.172 ... 594.985 617.808 617.808]
56428042,313,[625.172 625.172 625.172 ... 594.985 617.808 617.808]
56428042,314,[625.172 625.172 625.172 ... 594.985 617.808 617.808]
56428042,315,[625.172 625.172 625.172 ... 594.985 617.808 617.808]
56428042,316,[625.172 625.172 625.172 ... 594.985 617.808 617.808]
56428042,317,[625.172 625.172 625.172 ... 594.985 617.808 617.808]
56428042,318,[625.172 625.172 625.172 ... 594.985 617.808 617.808]
56428042,319,[625.172 625.172 625.172 ... 594.985 617.808 617.808]
56428042,320,[625.172 625.172 625.172 ... 594.985 617.808 617.808]
56428042,321,[625.172 625.172 625.172 ... 594.985 617.808 617.808]
56428042,322,[625.172 625.172 625.172 ... 594.985 617.808 617.808]
56428042,323,[625.172 625.172 625.172 ... 594.985 617.808 617.808]
56428042,324,[625.172 625.172 625.172 ... 594.985 617.808 617.808]
56428042,325,[625.172 625.172 625.172 ... 594.985 617.808 617.808]
56428042,326,[625.172 625.172 625.172 ... 594.985 617.808 617.808]
56428042,327,[625.172 625.172 625.172 ... 594.985 617.808 617.808]
56428042,328,[625.172 625.172 625.172 ... 594.985 617.808 617.808]
56428042,329,[625.172 625.172 625.172 ... 594.985 617.808 617.808]
56428042,330,[625.172 625.172 625.172 ... 594.985 617.808 617.808]
56428042,331,[625.172 625.172 625.172 ... 594.985 617.808 617.808]
56428042,332,[625.172 625.172 625.172 ... 594.985 617.808 617.808]
56428042,333,[625.172 625.172 625.172 ... 594.985 617.808 617.808]
56428042,334,[625.172 625.172 625.172 ... 594.985 617.808 617.808]
56428042,335,[625.172 625.172 625.172 ... 594.985 617.808 617.808]
56428042,336,[625.172 625.172 625.172 ... 594.985 617.808 617.808]
56428042,337,[625.172 625.172 625.172 ... 594.985 617.808 617.808]
56428042,338,[625.172 625.172 625.172 ... 594.985 617.808 617.808]
56428042,339,[625.172 625.172 625.172 ... 594.985 617.808 617.808]
56428042,340,[625.172 625.172 625.172 ... 594.985 617.808 617.808]
56428042,341,[625.172 625.172 625.172 ... 594.985 617.808 617.808]
56428042,342,[625.172 625.172 625.172 ... 594.985 617.808 617.808]
56428042,343,[625.172 625.172 625.172 ... 594.985 617.808 617.808]
56428042,344,[625.172 625.172 625.172 ... 594.985 617.808 617.808]
56428042,345,[625.172 625.172 625.172 ... 594.985 617.808 617.808]
56428042,346,[625.172 625.172 625.172 ... 594.985 617.808 617.808]
56428042,347,[625.172 625.172 625.172 ... 594.985 617.808 617.808]
56428042,348,[625.172 625.172 625.172 ... 594.985 617.808 617.808]
56428042,349,[625.172 625.172 625.172 ... 594.985 617.808 617.808]
56428042,350,[625.172 625.172 625.172 ... 594.985 617.808 617.808]
56428042,351,[625.172 625.172 625.172 ... 594.985 617.808 617.808]
56428042,352,[625.172 625.172 625.172 ... 594.985 617.808 617.808]
56428042,353,[625.172 625.172 625.172 ... 594.985 617.808 617.808]
56428042,354,[625.172 625.172 625.172 ... 594.985 617.808 617.808]
56428042,355,[625.172 625.172 625.172 ... 594.985 617.808 617.808]
56428042,356,[625.172 625.172 625.172 ... 594.985 617.808 617.808]
56428042,357,[625.172 625.172 625.172 ... 594.985 617.808 617.808]
56428042,358,[625.172 625.172 625.172 ... 594.985 617.808 617.808]
56428042,359,[625.172 625.172 625.172 ... 594.985 617.808 617.808]
56428042,360,[625.172 625.172 625.172 ... 594.985 617.808 617.808]
56428042,361,[625.172 625.172 625.172 ... 594.985 617.808 617.808]
56428042,362,[625.172 625.172 625.172 ... 594.985 617.808 617.808]
56428042,363,[625.172 625.172 625.172 ... 594.985 617.808 617.808]
56428042,364,[625.172 625.172 625.172 ... 594.985 617.808 617.808]
56428042,365,[625.172 625.172 625.172 ... 594.985 617.808 617.808]
56428042,366,[625.172 625.172 625.172 ... 594.985 617.808 617.808]
56428042,367,[625.172 625.172 625.172 ... 594.985 617.808 617.808]
56428042,368,[625.172 625.172 625.172 ... 594.985 617.808 617.808]
56428042,369,[625.172 625.172 625.172 ... 594.985 617.808 617.808]
56428042,370,[625.172 625.172 625.172 ... 594.985 617.808 617.808]
56428042,371,[625.172 625.172 625.172 ... 594.985 617.808 617.808]
56428042,372,[625.172 625.172 625.172 ... 594.985 617.808 617.808]
56428042,373,[625.172 625.172 625.172 ... 594.985 617.808 617.808]
56428042,374,[625.172 625.172 625.172 ... 594.985 617.808 617.808]
56428042,375,[625.172 625.172 625.172 ... 594.985 617.808 617.808]
56428042,376,[625.172 625.172 625.172 ... 594.985 617.808 617.808]
56428042,377,[625.172 625.172 625.172 ... 594.985 617.808 617.808]
56428042,378,[625.172 625.172 625.172 ... 594.985 617.808 617.808]
56428042,379,[625.172 625.172 625.172 ... 594.985 617.808 617.808]
56428042,380,[625.172 625.172 625.172 ... 594.985 617.808 617.808]
56428042,381,[625.172 625.172 625.172 ... 594.985 617.808 617.808]
56428042,382,[625.172 625.172 625.172 ... 594.985 617.808 617.808]
56428042,383,[625.172 625.172 625.172 ... 594.985 617.808 617.808]
56428042,384,[625.172 625.172 625.172 ... 594.985 617.808 617.808]
56428042,385,[625.172 625.172 625.172 ... 594.985 617.808 617.808]
56428042,386,[625.172 625.172 625.172 ... 594.985 617.808 617.808]
56428042,387,[625.172 625.172 625.172 ... 594.985 617.808 617.808]
56428042,388,[625.172 625.172 625.172 ... 594.985 617.808 617.808]
56428042,389,[625.172 625.172 625.172 ... 594.985 617.808 617.808]
56428042,390,[625.172 625.172 625.172 ... 594.985 617.808 617.808]
56428042,391,[625.172 625.172 625.172 ... 594.985 617.808 617.808]
56428042,392,[625.172 625.172 625.172 ... 594.985 617.808 617.808]
56428042,393,[625.172 625.172 625.172 ... 594.985 617.808 617.808]
56428042,394,[625.172 625.172 625.172 ... 594.985 617.808 617.808]
56428042,395,[625.172 625.172 625.172 ... 594.985 617.808 617.808]
56428042,396,[625.172 625.172 625.172 ... 594.985 617.808 617.808]
56428042,397,[625.172 625.172 625.172 ... 594.985 617.808 617.808]
56428042,398,[625.172 625.172 625.172 ... 594.985 617.808 617.808]
56428042,399,[625.172 625.172 625.172 ... 594.985 617.808 617.808]
56428042,400,[625.172 625.172 625.172 ... 594.985 617.808 617.808]
56428042,401,[625.172 625.172 625.172 ... 594.985 617.808 617.808]
56428042,402,[625.172 625.172 625.172 ... 594.985 617.808 617.808]
56428042,403,[625.172 625.172 625.172 ... 594.985 617.808 617.808]
56428042,404,[625.172 625.172 625.172 ... 594.985 617.808 617.808]
56428042,405,[625.172 625.172 625.172 ... 594.985 617.808 617.808]
56428042,406,[625.172 625.172 625.172 ... 594.985 617.808 617.808]
56428042,407,[625.172 625.172 625.172 ... 594.985 617.808 617.808]
56428042,408,[625.172 625.172 625.172 ... 594.985 617.808 617.808]
56428042,409,[625.172 625.172 625.172 ... 594.985 617.808 617.808]
56428042,410,[625.172 625.172 625.172 ... 594.985 617.808 617.808]
56428042,411,[625.172 625.172 625.172 ... 594.985 617.808 617.808]
56428042,412,[625.172 625.172 625.172 ... 594.985 617.808 617.808]
56428042,413,[625.172 625.172 625.172 ... 594.985 617.808 617.808]
56428042,414,[625.172 625.172 625.172 ... 594.985 617.808 617.808]
56428042,415,[625.172 625.172 625.172 ... 594.985 617.808 617.808]
56428042,416,[625.172 625.172 625.172 ... 594.985 617.808 617.808]
56428042,417,[625.172 625.172 625.172 ... 594.985 617.808 617.808]
56428042,418,[625.172 625.172 625.172 ... 594.985 617.808 617.808]
56428042,419,[625.172 625.172 625.172 ... 594.985 617.808 617.808]
56428042,420,[625.172 625.172 625.172 ... 594.985 617.808 617.808]
56428042,421,[625.172 625.172 625.172 ... 594.985 617.808 617.808]
56428042,422,[625.172 625.172 625.172 ... 594.985 617.808 617.808]
56428042,423,[625.172 625.172 625.172 ... 594.985 617.808 617.808]
56428042,424,[625.172 625.172 625.172 ... 594.985 617.808 617.808]
56428042,425,[625.172 625.172 625.172 ... 594.985 617.808 617.808]
56428042,426,[625.172 625.172 625.172 ... 594.985 617.808 617.808]
56428042,427,[625.172 625.172 625.172 ... 594.985 617.808 617.808]
56428042,428,[625.172 625.172 625.172 ... 594.985 617.808 617.808]
56428042,429,[625.172 625.172 625.172 ... 594.985 617.808 617.808]
56428042,430,[625.172 625.172 625.172 ... 594.985 617.808 617.808]
56428042,431,[625.172 625.172 625.172 ... 594.985 617.808 617.808]
56428042,432,[625.172 625.172 625.172 ... 594.985 617.808 617.808]
56428042,433,[625.172 625.172 625.172 ... 594.985 617.808 617.808]
56428042,434,[625.172 625.172 625.172 ... 594.985 617.808 617.808]
56428042,435,[625.172 625.172 625.172 ... 594.985 617.808 617.808]
56428042,436,[625.172 625.172 625.172 ... 594.985 617.808 617.808]
56428042,437,[625.172 625.172 625.172 ... 594.985 617.808 617.808]
56428042,438,[625.172 625.172 625.172 ... 594.985 617.808 617.808]
56428042,439,[625.172 625.172 625.172 ... 594.985 617.808 617.808]
56428042,440,[625.172 625.172 625.172 ... 594.985 617.808 617.808]
56428042,441,[625.172 625.172 625.172 ... 594.985 617.808 617.808]
56428042,442,[625.172 625.172 625.172 ... 594.985 617.808 617.808]
56428042,443,[625.172 625.172 625.172 ... 594.985 617.808 617.808]
56428042,444,[625.172 625.172 625.172 ... 594.985 617.808 617.808]
56428042,445,[625.172 625.172 625.172 ... 594.985 617.808 617.808]
56428042,446,[625.172 625.172 625.172 ... 594.985 617.808 617.808]
56428042,447,[625.172 625.172 625.172 ... 594.985 617.808 617.808]
56428042,448,[625.172 625.172 625.172 ... 594.985 617.808 617.808]
56428042,449,[625.172 625.172 625.172 ... 594.985 617.808 617.808]
56428042,450,[625.172 625.172 625.172 ... 594.985 617.808 617.808]
56428042,451,[625.172 625.172 625.172 ... 594.985 617.808 617.808]
56428042,452,[625.172 625.172 625.172 ... 594.985 617.808 617.808]
56428042,453,[625.172 625.172 625.172 ... 594.985 617.808 617.808]
56428042,454,[625.172 625.172 625.172 ... 594.985 617.808 617.808]
56428042,455,[625.172 625.172 625.172 ... 594.985 617.808 617.808]
56428042,456,[625.172 625.172 625.172 ... 594.985 617.808 617.808]
56428042,457,[625.172 625.172 625.172 ... 594.985 617.808 617.808]
56428042,458,[625.172 625.172 625.172 ... 594.985 617.808 617.808]
56428042,459,[625.172 625.172 625.172 ... 594.985 617.808 617.808]
56428042,460,[625.172 625.172 625.172 ... 594.985 617.808 617.808]
56428042,461,[625.172 625.172 625.172 ... 594.985 617.808 617.808]
56428042,462,[625.172 625.172 625.172 ... 594.985 617.808 617.808]
56428042,463,[625.172 625.172 625.172 ... 594.985 617.808 617.808]
56428042,464,[625.172 625.172 625.172 ... 594.985 617.808 617.808]
56428042,465,[625.172 625.172 625.172 ... 594.985 617.808 617.808]
56428042,466,[625.172 625.172 625.172 ... 594.985 617.808 617.808]
56428042,467,[625.172 625.172 625.172 ... 594.985 617.808 617.808]
56428042,468,[625.172 625.172 625.172 ... 594.985 617.808 617.808]
56428042,469,[625.172 625.172 625.172 ... 594.985 617.808 617.808]
56428042,470,[625.172 625.172 625.172 ... 594.985 617.808 617.808]
56428042,471,[625.172 625.172 625.172 ... 594.985 617.808 617.808]
56428042,472,[625.172 625.172 625.172 ... 594.985 617.808 617.808]
56428042,473,[625.172 625.172 625.172 ... 594.985 617.808 617.808]
56428042,474,[625.172 625.172 625.172 ... 594.985 617.808 617.808]
56428042,475,[625.172 625.172 625.172 ... 594.985 617.808 617.808]
56428042,476,[625.172 625.172 625.172 ... 594.985 617.808 617.808]
56428042,477,[625.172 625.172 625.172 ... 594.985 617.808 617.808]
56428042,478,[625.172 625.172 625.172 ... 594.985 617.808 617.808]
56428042,479,[625.172 625.172 625.172 ... 594.985 617.808 617.808]
56428042,480,[625.172 625.172 625.172 ... 594.985 617.808 617.808]
56428042,481,[625.172 625.172 625.172 ... 594.985 617.808 617.808]
56428042,482,[625.172 625.172 625.172 ... 594.985 617.808 617.808]
56428042,483,[625.172 625.172 625.172 ... 594.985 617.808 617.808]
56428042,484,[625.172 625.172 625.172 ... 594.985 617.808 617.808]
56428042,485,[625.172 625.172 625.172 ... 594.985 617.808 617.808]
56428042,486,[625.172 625.172 625.172 ... 594.985 617.808 617.808]
56428042,487,[625.172 625.172 625.172 ... 594.985 617.808 617.808]
56428042,488,[625.172 625.172 625.172 ... 594.985 617.808 617.808]
56428042,489,[625.172 625.172 625.172 ... 594.985 617.808 617.808]
56428042,490,[625.172 625.172 625.172 ... 594.985 617.808 617.808]
56428042,491,[625.172 625.172 625.172 ... 594.985 617.808 617.808]
56428042,492,[625.172 625.172 625.172 ... 594.985 617.808 617.808]
56428042,493,[625.172 625.172 625.172 ... 594.985 617.808 617.808]
56428042,494,[625.172 625.172 625.172 ... 594.985 617.808 617.808]
56428042,495,[625.172 625.172 625.172 ... 594.985 617.808 617.808]
56428042,496,[625.172 625.172 625.172 ... 594.985 617.808 617.808]
56428042,497,[625.172 625.172 625.172 ... 594.985 617.808 617.808]
56428042,498,[625.172 625.172 625.172 ... 594.985 617.808 617.808]
56428042,499,[625.172 625.172 625.172 ... 594.985 617.808 617.808]
56428042,500,[625.172 625.172 625.172 ... 594.985 617.808 617.808]
56428042,501,[625.172 625.172 625.172 ... 594.985 617.808 617.808]
56428042,502,[625.172 625.172 625.172 ... 594.985 617.808 617.808]
56428042,503,[625.172 625.172 625.172 ... 594.985 617.808 617.808]
56428042,504,[625.172 625.172 625.172 ... 594.985 617.808 617.808]
56428042,505,[625.172 625.172 625.172 ... 594.985 617.808 617.808]
56428042,506,[625.172 625.172 625.172 ... 594.985 617.808 617.808]
56428042,507,[625.172 625.172 625.172 ... 594.985 617.808 617.808]
56428042,508,[625.172 625.172 625.172 ... 594.985 617.808 617.808]
56428042,509,[625.172 625.172 625.172 ... 594.985 617.808 617.808]
56428042,510,[625.172 625.172 625.172 ... 594.985 617.808 617.808]
56428042,511,[625.172 625.172 625.172 ... 594.985 617.808 617.808]
56428042,512,[625.172 625.172 625.172 ... 594.985 617.808 617.808]
56428042,513,[625.172 625.172 625.172 ... 594.985 617.808 617.808]
56428042,514,[625.172 625.172 625.172 ... 594.985 617.808 617.808]
56428042,515,[625.172 625.172 625.172 ... 594.985 617.808 617.808]
56428042,516,[625.172 625.172 625.172 ... 594.985 617.808 617.808]
56428042,517,[625.172 625.172 625.172 ... 594.985 617.808 617.808]
56428042,518,[625.172 625.172 625.172 ... 594.985 617.808 617.808]
56428042,519,[625.172 625.172 625.172 ... 594.985 617.808 617.808]
56428042,520,[625.172 625.172 625.172 ... 594.985 617.808 617.808]
56428042,521,[625.172 625.172 625.172 ... 594.985 617.808 617.808]
56428042,522,[625.172 625.172 625.172 ... 594.985 617.808 617.808]
56428042,523,[625.172 625.172 625.172 ... 594.985 617.808 617.808]
56428042,524,[625.172 625.172 625.172 ... 594.985 617.808 617.808]
56428042,525,[625.172 625.172 625.172 ... 594.985 617.808 617.808]
56428042,526,[625.172 625.172 625.172 ... 594.985 617.808 617.808]
56428042,527,[625.172 625.172 625.172 ... 594.985 617.808 617.808]
56428042,528,[625.172 625.172 625.172 ... 594.985 617.808 617.808]
56428042,529,[625.172 625.172 625.172 ... 594.985 617.808 617.808]
56428042,530,[625.172 625.172 625.172 ... 594.985 617.808 617.808]
56428042,531,[625.172 625.172 625.172 ... 594.985 617.808 617.808]
56428042,532,[625.172 625.172 625.172 ... 594.985 617.808 617.808]
56428042,533,[625.172 625.172 625.172 ... 594.985 617.808 617.808]
56428042,534,[625.172 625.172 625.172 ... 594.985 617.808 617.808]
56428042,535,[625.172 625.172 625.172 ... 594.985 617.808 617.808]
56428042,536,[625.172 625.172 625.172 ... 594.985 617.808 617.808]
56428042,537,[625.172 625.172 625.172 ... 594.985 617.808 617.808]
56428042,538,[625.172 625.172 625.172 ... 594.985 617.808 617.808]
56428042,539,[625.172 625.172 625.172 ... 594.985 617.808 617.808]
56428042,540,[625.172 625.172 625.172 ... 594.985 617.808 617.808]
56428042,541,[625.172 625.172 625.172 ... 594.985 617.808 617.808]
56428042,542,[625.172 625.172 625.172 ... 594.985 617.808 617.808]
56428042,543,[625.172 625.172 625.172 ... 594.985 617.808 617.808]
56428042,544,[625.172 625.172 625.172 ... 594.985 617.808 617.808]
56428042,545,[625.172 625.172 625.172 ... 594.985 617.808 617.808]
56428042,546,[625.172 625.172 625.172 ... 594.985 617.808 617.808]
56428042,547,[625.172 625.172 625.172 ... 594.985 617.808 617.808]
56428042,548,[625.172 625.172 625.172 ... 594.985 617.808 617.808]
56428042,549,[625.172 625.172 625.172 ... 594.985 617.808 617.808]
56428042,550,[625.172 625.172 625.172 ... 594.985 617.808 617.808]
56428042,551,[625.172 625.172 625.172 ... 594.985 617.808 617.808]
56428042,552,[625.172 625.172 625.172 ... 594.985 617.808 617.808]
56428042,553,[625.172 625.172 625.172 ... 594.985 617.808 617.808]
56428042,554,[625.172 625.172 625.172 ... 594.985 617.808 617.808]
56428042,555,[625.172 625.172 625.172 ... 594.985 617.808 617.808]
56428042,556,[625.172 625.172 625.172 ... 594.985 617.808 617.808]
56428042,557,[625.172 625.172 625.172 ... 594.985 617.808 617.808]
56428042,558,[625.172 625.172 625.172 ... 594.985 617.808 617.808]
56428042,559,[625.172 625.172 625.172 ... 594.985 617.808 617.808]
56428042,560,[625.172 625.172 625.172 ... 594.985 617.808 617.808]
56428042,561,[625.172 625.172 625.172 ... 594.985 617.808 617.808]
56428042,562,[625.172 625.172 625.172 ... 594.985 617.808 617.808]
56428042,563,[625.172 625.172 625.172 ... 594.985 617.808 617.808]
56428042,564,[625.172 625.172 625.172 ... 594.985 617.808 617.808]
56428042,565,[625.172 625.172 625.172 ... 594.985 617.808 617.808]
56428042,566,[625.172 625.172 625.172 ... 594.985 617.808 617.808]
56428042,567,[625.172 625.172 625.172 ... 594.985 617.808 617.808]
56428042,568,[625.172 625.172 625.172 ... 594.985 617.808 617.808]
56428042,569,[625.172 625.172 625.172 ... 594.985 617.808 617.808]
56428042,570,[625.172 625.172 625.172 ... 594.985 617.808 617.808]
56428042,571,[625.172 625.172 625.172 ... 594.985 617.808 617.808]
56428042,572,[625.172 625.172 625.172 ... 594.985 617.808 617.808]
56428042,573,[625.172 625.172 625.172 ... 594.985 617.808 617.808]
56428042,574,[625.172 625.172 625.172 ... 594.985 617.808 617.808]
56428042,575,[625.172 625.172 625.172 ... 594.985 617.808 617.808]
56428042,576,[625.172 625.172 625.172 ... 594.985 617.808 617.808]
56428042,577,[625.172 625.172 625.172 ... 594.985 617.808 617.808]
56428042,578,[625.172 625.172 625.172 ... 594.985 617.808 617.808]
56428042,579,[625.172 625.172 625.172 ... 594.985 617.808 617.808]
56428042,580,[625.172 625.172 625.172 ... 594.985 617.808 617.808]
56428042,581,[625.172 625.172 625.172 ... 594.985 617.808 617.808]
56428042,582,[625.172 625.172 625.172 ... 594.985 617.808 617.808]
56428042,583,[625.172 625.172 625.172 ... 594.985 617.808 617.808]
56428042,584,[625.172 625.172 625.172 ... 594.985 617.808 617.808]
56428042,585,[625.172 625.172 625.172 ... 594.985 617.808 617.808]
56428042,586,[625.172 625.172 625.172 ... 594.985 617.808 617.808]
56428042,587,[625.172 625.172 625.172 ... 594.985 617.808 617.808]
56428042,588,[625.172 625.172 625.172 ... 594.985 617.808 617.808]
56428042,589,[625.172 625.172 625.172 ... 594.985 617.808 617.808]
56428042,590,[625.172 625.172 625.172 ... 594.985 617.808 617.808]
56428042,591,[625.172 625.172 625.172 ... 594.985 617.808 617.808]
56428042,592,[625.172 625.172 625.172 ... 594.985 617.808 617.808]
56428042,593,[625.172 625.172 625.172 ... 594.985 617.808 617.808]
56428042,594,[625.172 625.172 625.172 ... 594.985 617.808 617.808]
56428042,595,[625.172 625.172 625.172 ... 594.985 617.808 617.808]
56428042,596,[625.172 625.172 625.172 ... 594.985 617.808 617.808]
56428042,597,[625.172 625.172 625.172 ... 594.985 617.808 617.808]
56428042,598,[625.172 625.172 625.172 ... 594.985 617.808 617.808]
56428042,599,[625.172 625.172 625.172 ... 594.985 617.808 617.808]
56428042,600,[625.172 625.172 625.172 ... 594.985 617.808 617.808]
56428042,601,[625.172 625.172 625.172 ... 594.985 617.808 617.808]
56428042,602,[625.172 625.172 625.172 ... 594.985 617.808 617.808]
56428042,603,[625.172 625.172 625.172 ... 594.985 617.808 617.808]
56428042,604,[625.172 625.172 625.172 ... 594.985 617.808 617.808]
56428042,605,[625.172 625.172 625.172 ... 594.985 617.808 617.808]
56428042,606,[625.172 625.172 625.172 ... 594.985 617.808 617.808]
56428042,607,[625.172 625.172 625.172 ... 594.985 617.808 617.808]
56428042,608,[625.172 625.172 625.172 ... 594.985 617.808 617.808]
56428042,609,[625.172 625.172 625.172 ... 594.985 617.808 617.808]
56428042,610,[625.172 625.172 625.172 ... 594.985 617.808 617.808]
56428042,611,[625.172 625.172 625.172 ... 594.985 617.808 617.808]
56428042,612,[625.172 625.172 625.172 ... 594.985 617.808 617.808]
56428042,613,[625.172 625.172 625.172 ... 594.985 617.808 617.808]
56428042,614,[625.172 625.172 625.172 ... 594.985 617.808 617.808]
56428042,615,[625.172 625.172 625.172 ... 594.985 617.808 617.808]
56428042,616,[625.172 625.172 625.172 ... 594.985 617.808 617.808]
56428042,617,[625.172 625.172 625.172 ... 594.985 617.808 617.808]
56428042,618,[625.172 625.172 625.172 ... 594.985 617.808 617.808]
56428042,619,[625.172 625.172 625.172 ... 594.985 617.808 617.808]
56428042,620,[625.172 625.172 625.172 ... 594.985 617.808 617.808]
56428042,621,[625.172 625.172 625.172 ... 594.985 617.808 617.808]
56428042,622,[625.172 625.172 625.172 ... 594.985 617.808 617.808]
56428042,623,[625.172 625.172 625.172 ... 594.985 617.808 617.808]
56428042,624,[625.172 625.172 625.172 ... 594.985 617.808 617.808]
56428042,625,[625.172 625.172 625.172 ... 594.985 617.808 617.808]
56428042,626,[625.172 625.172 625.172 ... 594.985 617.808 617.808]
56428042,627,[625.172 625.172 625.172 ... 594.985 617.808 617.808]
56428042,628,[625.172 625.172 625.172 ... 594.985 617.808 617.808]
56428042,629,[625.172 625.172 625.172 ... 594.985 617.808 617.808]
56428042,630,[625.172 625.172 625.172 ... 594.985 617.808 617.808]
56428042,631,[625.172 625.172 625.172 ... 594.985 617.808 617.808]
56428042,632,[625.172 625.172 625.172 ... 594.985 617.808 617.808]
56428042,633,[625.172 625.172 625.172 ... 594.985 617.808 617.808]
56428042,634,[625.172 625.172 625.172 ... 594.985 617.808 617.808]
56428042,635,[625.172 625.172 625.172 ... 594.985 617.808 617.808]
56428042,636,[625.172 625.172 625.172 ... 594.985 617.808 617.808]
56428042,637,[625.172 625.172 625.172 ... 594.985 617.808 617.808]
56428042,638,[625.172 625.172 625.172 ... 594.985 617.808 617.808]
56428042,639,[625.172 625.172 625.172 ... 594.985 617.808 617.808]
56428042,640,[625.172 625.172 625.172 ... 594.985 617.808 617.808]
56428042,641,[625.172 625.172 625.172 ... 594.985 617.808 617.808]
56428042,642,[625.172 625.172 625.172 ... 594.985 617.808 617.808]
56428042,643,[625.172 625.172 625.172 ... 594.985 617.808 617.808]
56428042,644,[625.172 625.172 625.172 ... 594.985 617.808 617.808]
56428042,645,[625.172 625.172 625.172 ... 594.985 617.808 617.808]
56428042,646,[625.172 625.172 625.172 ... 594.985 617.808 617.808]
56428042,647,[625.172 625.172 625.172 ... 594.985 617.808 617.808]
56428042,648,[625.172 625.172 625.172 ... 594.985 617.808 617.808]
56428042,649,[625.172 625.172 625.172 ... 594.985 617.808 617.808]
56428042,650,[625.172 625.172 625.172 ... 594.985 617.808 617.808]
56428042,651,[625.172 625.172 625.172 ... 594.985 617.808 617.808]
56428042,652,[625.172 625.172 625.172 ... 594.985 617.808 617.808]
56428042,653,[625.172 625.172 625.172 ... 594.985 617.808 617.808]
56428042,654,[625.172 625.172 625.172 ... 594.985 617.808 617.808]
56428042,655,[625.172 625.172 625.172 ... 594.985 617.808 617.808]
56428042,656,[625.172 625.172 625.172 ... 594.985 617.808 617.808]
56428042,657,[625.172 625.172 625.172 ... 594.985 617.808 617.808]
56428042,658,[625.172 625.172 625.172 ... 594.985 617.808 617.808]
56428042,659,[625.172 625.172 625.172 ... 594.985 617.808 617.808]
56428042,660,[625.172 625.172 625.172 ... 594.985 617.808 617.808]
56428042,661,[625.172 625.172 625.172 ... 594.985 617.808 617.808]
56428042,662,[625.172 625.172 625.172 ... 594.985 617.808 617.808]
56428042,663,[625.172 625.172 625.172 ... 594.985 617.808 617.808]
56428042,664,[625.172 625.172 625.172 ... 594.985 617.808 617.808]
56428042,665,[625.172 625.172 625.172 ... 594.985 617.808 617.808]
56428042,666,[625.172 625.172 625.172 ... 594.985 617.808 617.808]
56428042,667,[625.172 625.172 625.172 ... 594.985 617.808 617.808]
56428042,668,[625.172 625.172 625.172 ... 594.985 617.808 617.808]
56428042,669,[625.172 625.172 625.172 ... 594.985 617.808 617.808]
56428042,670,[625.172 625.172 625.172 ... 594.985 617.808 617.808]
56428042,671,[625.172 625.172 625.172 ... 594.985 617.808 617.808]
56428042,672,[625.172 625.172 625.172 ... 594.985 617.808 617.808]
56428042,673,[625.172 625.172 625.172 ... 594.985 617.808 617.808]
56428042,674,[625.172 625.172 625.172 ... 594.985 617.808 617.808]
56428042,675,[625.172 625.172 625.172 ... 594.985 617.808 617.808]
56428042,676,[625.172 625.172 625.172 ... 594.985 617.808 617.808]
56428042,677,[625.172 625.172 625.172 ... 594.985 617.808 617.808]
56428042,678,[625.172 625.172 625.172 ... 594.985 617.808 617.808]
56428042,679,[625.172 625.172 625.172 ... 594.985 617.808 617.808]
56428042,680,[625.172 625.172 625.172 ... 594.985 617.808 617.808]
56428042,681,[625.172 625.172 625.172 ... 594.985 617.808 617.808]
56428042,682,[625.172 625.172 625.172 ... 594.985 617.808 617.808]
56428042,683,[625.172 625.172 625.172 ... 594.985 617.808 617.808]
56428042,684,[625.172 625.172 625.172 ... 594.985 617.808 617.808]
56428042,685,[625.172 625.172 625.172 ... 594.985 617.808 617.808]
56428042,686,[625.172 625.172 625.172 ... 594.985 617.808 617.808]
56428042,687,[625.172 625.172 625.172 ... 594.985 617.808 617.808]
56428042,688,[625.172 625.172 625.172 ... 594.985 617.808 617.808]
56428042,689,[625.172 625.172 625.172 ... 594.985 617.808 617.808]
56428042,690,[625.172 625.172 625.172 ... 594.985 617.808 617.808]
56428042,691,[625.172 625.172 625.172 ... 594.985 617.808 617.808]
56428042,692,[625.172 625.172 625.172 ... 594.985 617.808 617.808]
56428042,693,[625.172 625.172 625.172 ... 594.985 617.808 617.808]
56428042,694,[625.172 625.172 625.172 ... 594.985 617.808 617.808]
56428042,695,[625.172 625.172 625.172 ... 594.985 617.808 617.808]
56428042,696,[625.172 625.172 625.172 ... 594.985 617.808 617.808]
56428042,697,[625.172 625.172 625.172 ... 594.985 617.808 617.808]
56428042,698,[625.172 625.172 625.172 ... 594.985 617.808 617.808]
56428042,699,[625.172 625.172 625.172 ... 594.985 617.808 617.808]
56428042,700,[625.172 625.172 625.172 ... 594.985 617.808 617.808]
56428042,701,[625.172 625.172 625.172 ... 594.985 617.808 617.808]
56428042,702,[625.172 625.172 625.172 ... 594.985 617.808 617.808]
56428042,703,[625.172 625.172 625.172 ... 594.985 617.808 617.808]
56428042,704,[625.172 625.172 625.172 ... 594.985 617.808 617.808]
56428042,705,[625.172 625.172 625.172 ... 594.985 617.808 617.808]
56428042,706,[625.172 625.172 625.172 ... 594.985 617.808 617.808]
56428042,707,[625.172 625.172 625.172 ... 594.985 617.808 617.808]
56428042,708,[625.172 625.172 625.172 ... 594.985 617.808 617.808]
56428042,709,[625.172 625.172 625.172 ... 594.985 617.808 617.808]
56428042,710,[625.172 625.172 625.172 ... 594.985 617.808 617.808]
56428042,711,[625.172 625.172 625.172 ... 594.985 617.808 617.808]
56428042,712,[625.172 625.172 625.172 ... 594.985 617.808 617.808]
56428042,713,[625.172 625.172 625.172 ... 594.985 617.808 617.808]
56428042,714,[625.172 625.172 625.172 ... 594.985 617.808 617.808]
56428042,715,[625.172 625.172 625.172 ... 594.985 617.808 617.808]
56428042,716,[625.172 625.172 625.172 ... 594.985 617.808 617.808]
56428042,717,[625.172 625.172 625.172 ... 594.985 617.808 617.808]
56428042,718,[625.172 625.172 625.172 ... 594.985 617.808 617.808]
56428042,719,[625.172 625.172 625.172 ... 594.985 617.808 617.808]
56428042,720,[625.172 625.172 625.172 ... 594.985 617.808 617.808]
56428042,721,[625.172 625.172 625.172 ... 594.985 617.808 617.808]
56428042,722,[625.172 625.172 625.172 ... 594.985 617.808 617.808]
56428042,723,[625.172 625.172 625.172 ... 594.985 617.808 617.808]
56428042,724,[625.172 625.172 625.172 ... 594.985 617.808 617.808]
56428042,725,[625.172 625.172 625.172 ... 594.985 617.808 617.808]
56428042,726,[625.172 625.172 625.172 ... 594.985 617.808 617.808]
56428042,727,[625.172 625.172 625.172 ... 594.985 617.808 617.808]
56428042,728,[625.172 625.172 625.172 ... 594.985 617.808 617.808]
56428042,729,[625.172 625.172 625.172 ... 594.985 617.808 617.808]
56428042,730,[625.172 625.172 625.172 ... 594.985 617.808 617.808]
56428042,731,[625.172 625.172 625.172 ... 594.985 617.808 617.808]
56428042,732,[625.172 625.172 625.172 ... 594.985 617.808 617.808]
56428042,733,[625.172 625.172 625.172 ... 594.985 617.808 617.808]
56428042,734,[625.172 625.172 625.172 ... 594.985 617.808 617.808]
56428042,735,[625.172 625.172 625.172 ... 594.985 617.808 617.808]
56428042,736,[625.172 625.172 625.172 ... 594.985 617.808 617.808]
56428042,737,[625.172 625.172 625.172 ... 594.985 617.808 617.808]
56428042,738,[625.172 625.172 625.172 ... 594.985 617.808 617.808]
56428042,739,[625.172 625.172 625.172 ... 594.985 617.808 617.808]
56428042,740,[625.172 625.172 625.172 ... 594.985 617.808 617.808]
56428042,741,[625.172 625.172 625.172 ... 594.985 617.808 617.808]
56428042,742,[625.172 625.172 625.172 ... 594.985 617.808 617.808]
56428042,743,[625.172 625.172 625.172 ... 594.985 617.808 617.808]
56428042,744,[625.172 625.172 625.172 ... 594.985 617.808 617.808]
56428042,745,[625.172 625.172 625.172 ... 594.985 617.808 617.808]
56428042,746,[625.172 625.172 625.172 ... 594.985 617.808 617.808]
56428042,747,[625.172 625.172 625.172 ... 594.985 617.808 617.808]
56428042,748,[625.172 625.172 625.172 ... 594.985 617.808 617.808]
56428042,749,[625.172 625.172 625.172 ... 594.985 617.808 617.808]
56428042,750,[625.172 625.172 625.172 ... 594.985 617.808 617.808]
56428042,751,[625.172 625.172 625.172 ... 594.985 617.808 617.808]
56428042,752,[625.172 625.172 625.172 ... 594.985 617.808 617.808]
56428042,753,[625.172 625.172 625.172 ... 594.985 617.808 617.808]
56428042,754,[625.172 625.172 625.172 ... 594.985 617.808 617.808]
56428042,755,[625.172 625.172 625.172 ... 594.985 617.808 617.808]
56428042,756,[625.172 625.172 625.172 ... 594.985 617.808 617.808]
56428042,757,[625.172 625.172 625.172 ... 594.985 617.808 617.808]
56428042,758,[625.172 625.172 625.172 ... 594.985 617.808 617.808]
56428042,759,[625.172 625.172 625.172 ... 594.985 617.808 617.808]
56428042,760,[625.172 625.172 625.172 ... 594.985 617.808 617.808]
56428042,761,[625.172 625.172 625.172 ... 594.985 617.808 617.808]
56428042,762,[625.172 625.172 625.172 ... 594.985 617.808 617.808]
56428042,763,[625.172 625.172 625.172 ... 594.985 617.808 617.808]
56428042,764,[625.172 625.172 625.172 ... 594.985 617.808 617.808]
56428042,765,[625.172 625.172 625.172 ... 594.985 617.808 617.808]
56428042,766,[625.172 625.172 625.172 ... 594.985 617.808 617.808]
56428042,767,[625.172 625.172 625.172 ... 594.985 617.808 617.808]
56428042,768,[625.172 625.172 625.172 ... 594.985 617.808 617.808]
56428042,769,[625.172 625.172 625.172 ... 594.985 617.808 617.808]
56428042,770,[625.172 625.172 625.172 ... 594.985 617.808 617.808]
56428042,771,[625.172 625.172 625.172 ... 594.985 617.808 617.808]
56428042,772,[625.172 625.172 625.172 ... 594.985 617.808 617.808]
56428042,773,[625.172 625.172 625.172 ... 594.985 617.808 617.808]
56428042,774,[625.172 625.172 625.172 ... 594.985 617.808 617.808]
56428042,775,[625.172 625.172 625.172 ... 594.985 617.808 617.808]
56428042,776,[625.172 625.172 625.172 ... 594.985 617.808 617.808]
56428042,777,[625.172 625.172 625.172 ... 594.985 617.808 617.808]
56428042,778,[625.172 625.172 625.172 ... 594.985 617.808 617.808]
56428042,779,[625.172 625.172 625.172 ... 594.985 617.808 617.808]
56428042,780,[625.172 625.172 625.172 ... 594.985 617.808 617.808]
56428042,781,[625.172 625.172 625.172 ... 594.985 617.808 617.808]
56428042,782,[625.172 625.172 625.172 ... 594.985 617.808 617.808]
56428042,783,[625.172 625.172 625.172 ... 594.985 617.808 617.808]
56428042,784,[625.172 625.172 625.172 ... 594.985 617.808 617.808]
56428042,785,[625.172 625.172 625.172 ... 594.985 617.808 617.808]
56428042,786,[625.172 625.172 625.172 ... 594.985 617.808 617.808]
56428042,787,[625.172 625.172 625.172 ... 594.985 617.808 617.808]
56428042,788,[625.172 625.172 625.172 ... 594.985 617.808 617.808]
56428042,789,[625.172 625.172 625.172 ... 594.985 617.808 617.808]
56428042,790,[625.172 625.172 625.172 ... 594.985 617.808 617.808]
56428042,791,[625.172 625.172 625.172 ... 594.985 617.808 617.808]
56428042,792,[625.172 625.172 625.172 ... 594.985 617.808 617.808]
56428042,793,[625.172 625.172 625.172 ... 594.985 617.808 617.808]
56428042,794,[625.172 625.172 625.172 ... 594.985 617.808 617.808]
56428042,795,[625.172 625.172 625.172 ... 594.985 617.808 617.808]
56428042,796,[625.172 625.172 625.172 ... 594.985 617.808 617.808]
56428042,797,[625.172 625.172 625.172 ... 594.985 617.808 617.808]
56428042,798,[625.172 625.172 625.172 ... 594.985 617.808 617.808]
56428042,799,[625.172 625.172 625.172 ... 594.985 617.808 617.808]
56428042,800,[625.172 625.172 625.172 ... 594.985 617.808 617.808]
56428042,801,[625.172 625.172 625.172 ... 594.985 617.808 617.808]
56428042,802,[625.172 625.172 625.172 ... 594.985 617.808 617.808]
56428042,803,[625.172 625.172 625.172 ... 594.985 617.808 617.808]
56428042,804,[625.172 625.172 625.172 ... 594.985 617.808 617.808]
56428042,805,[625.172 625.172 625.172 ... 594.985 617.808 617.808]
56428042,806,[625.172 625.172 625.172 ... 594.985 617.808 617.808]
56428042,807,[625.172 625.172 625.172 ... 594.985 617.808 617.808]
56428042,808,[625.172 625.172 625.172 ... 594.985 617.808 617.808]
56428042,809,[625.172 625.172 625.172 ... 594.985 617.808 617.808]
56428042,810,[625.172 625.172 625.172 ... 594.985 617.808 617.808]
56428042,811,[625.172 625.172 625.172 ... 594.985 617.808 617.808]
56428042,812,[625.172 625.172 625.172 ... 594.985 617.808 617.808]
56428042,813,[625.172 625.172 625.172 ... 594.985 617.808 617.808]
56428042,814,[625.172 625.172 625.172 ... 594.985 617.808 617.808]
56428042,815,[625.172 625.172 625.172 ... 594.985 617.808 617.808]
56428042,816,[625.172 625.172 625.172 ... 594.985 617.808 617.808]
56428042,817,[625.172 625.172 625.172 ... 594.985 617.808 617.808]
56428042,818,[625.172 625.172 625.172 ... 594.985 617.808 617.808]
56428042,819,[625.172 625.172 625.172 ... 594.985 617.808 617.808]
56428042,820,[625.172 625.172 625.172 ... 594.985 617.808 617.808]
56428042,821,[625.172 625.172 625.172 ... 594.985 617.808 617.808]
56428042,822,[625.172 625.172 625.172 ... 594.985 617.808 617.808]
56428042,823,[625.172 625.172 625.172 ... 594.985 617.808 617.808]
56428042,824,[625.172 625.172 625.172 ... 594.985 617.808 617.808]
56428042,825,[625.172 625.172 625.172 ... 594.985 617.808 617.808]
56428042,826,[625.172 625.172 625.172 ... 594.985 617.808 617.808]
56428042,827,[625.172 625.172 625.172 ... 594.985 617.808 617.808]
56428042,828,[625.172 625.172 625.172 ... 594.985 617.808 617.808]
56428042,829,[625.172 625.172 625.172 ... 594.985 617.808 617.808]
56428042,830,[625.172 625.172 625.172 ... 594.985 617.808 617.808]
56428042,831,[625.172 625.172 625.172 ... 594.985 617.808 617.808]
56428042,832,[625.172 625.172 625.172 ... 594.985 617.808 617.808]
56428042,833,[625.172 625.172 625.172 ... 594.985 617.808 617.808]
56428042,834,[625.172 625.172 625.172 ... 594.985 617.808 617.808]
56428042,835,[625.172 625.172 625.172 ... 594.985 617.808 617.808]
56428042,836,[625.172 625.172 625.172 ... 594.985 617.808 617.808]
56428042,837,[625.172 625.172 625.172 ... 594.985 617.808 617.808]
56428042,838,[625.172 625.172 625.172 ... 594.985 617.808 617.808]
56428042,839,[625.172 625.172 625.172 ... 594.985 617.808 617.808]
56428042,840,[625.172 625.172 625.172 ... 594.985 617.808 617.808]
56428042,841,[625.172 625.172 625.172 ... 594.985 617.808 617.808]
56428042,842,[625.172 625.172 625.172 ... 594.985 617.808 617.808]
56428042,843,[625.172 625.172 625.172 ... 594.985 617.808 617.808]
56428042,844,[625.172 625.172 625.172 ... 594.985 617.808 617.808]
56428042,845,[625.172 625.172 625.172 ... 594.985 617.808 617.808]
56428042,846,[625.172 625.172 625.172 ... 594.985 617.808 617.808]
56428042,847,[625.172 625.172 625.172 ... 594.985 617.808 617.808]
56428042,848,[625.172 625.172 625.172 ... 594.985 617.808 617.808]
56428042,849,[625.172 625.172 625.172 ... 594.985 617.808 617.808]
56428042,850,[625.172 625.172 625.172 ... 594.985 617.808 617.808]
56428042,851,[625.172 625.172 625.172 ... 594.985 617.808 617.808]
56428042,852,[625.172 625.172 625.172 ... 594.985 617.808 617.808]
56428042,853,[625.172 625.172 625.172 ... 594.985 617.808 617.808]
56428042,854,[625.172 625.172 625.172 ... 594.985 617.808 617.808]
56428042,855,[625.172 625.172 625.172 ... 594.985 617.808 617.808]
56428042,856,[625.172 625.172 625.172 ... 594.985 617.808 617.808]
56428042,857,[625.172 625.172 625.172 ... 594.985 617.808 617.808]
56428042,858,[625.172 625.172 625.172 ... 594.985 617.808 617.808]
56428042,859,[625.172 625.172 625.172 ... 594.985 617.808 617.808]
56428042,860,[625.172 625.172 625.172 ... 594.985 617.808 617.808]
56428042,861,[625.172 625.172 625.172 ... 594.985 617.808 617.808]
56428042,862,[625.172 625.172 625.172 ... 594.985 617.808 617.808]
56428042,863,[625.172 625.172 625.172 ... 594.985 617.808 617.808]
56428042,864,[625.172 625.172 625.172 ... 594.985 617.808 617.808]
56428042,865,[625.172 625.172 625.172 ... 594.985 617.808 617.808]
56428042,866,[625.172 625.172 625.172 ... 594.985 617.808 617.808]
56428042,867,[625.172 625.172 625.172 ... 594.985 617.808 617.808]
56428042,868,[625.172 625.172 625.172 ... 594.985 617.808 617.808]
56428042,869,[625.172 625.172 625.172 ... 594.985 617.808 617.808]
56428042,870,[625.172 625.172 625.172 ... 594.985 617.808 617.808]
56428042,871,[625.172 625.172 625.172 ... 594.985 617.808 617.808]
56428042,872,[625.172 625.172 625.172 ... 594.985 617.808 617.808]
56428042,873,[625.172 625.172 625.172 ... 594.985 617.808 617.808]
56428042,874,[625.172 625.172 625.172 ... 594.985 617.808 617.808]
56428042,875,[625.172 625.172 625.172 ... 594.985 617.808 617.808]
56428042,876,[625.172 625.172 625.172 ... 594.985 617.808 617.808]
56428042,877,[625.172 625.172 625.172 ... 594.985 617.808 617.808]
56428042,878,[625.172 625.172 625.172 ... 594.985 617.808 617.808]
56428042,879,[625.172 625.172 625.172 ... 594.985 617.808 617.808]
56428042,880,[625.172 625.172 625.172 ... 594.985 617.808 617.808]
56428042,881,[625.172 625.172 625.172 ... 594.985 617.808 617.808]
56428042,882,[625.172 625.172 625.172 ... 594.985 617.808 617.808]
56428042,883,[625.172 625.172 625.172 ... 594.985 617.808 617.808]
56428042,884,[625.172 625.172 625.172 ... 594.985 617.808 617.808]
56428042,885,[625.172 625.172 625.172 ... 594.985 617.808 617.808]
56428042,886,[625.172 625.172 625.172 ... 594.985 617.808 617.808]
56428042,887,[625.172 625.172 625.172 ... 594.985 617.808 617.808]
56428042,888,[625.172 625.172 625.172 ... 594.985 617.808 617.808]
56428042,889,[625.172 625.172 625.172 ... 594.985 617.808 617.808]
56428042,890,[625.172 625.172 625.172 ... 594.985 617.808 617.808]
56428042,891,[625.172 625.172 625.172 ... 594.985 617.808 617.808]
56428042,892,[625.172 625.172 625.172 ... 594.985 617.808 617.808]
56428042,893,[625.172 625.172 625.172 ... 594.985 617.808 617.808]
56428042,894,[625.172 625.172 625.172 ... 594.985 617.808 617.808]
56428042,895,[625.172 625.172 625.172 ... 594.985 617.808 617.808]
56428042,896,[625.172 625.172 625.172 ... 594.985 617.808 617.808]
56428042,897,[625.172 625.172 625.172 ... 594.985 617.808 617.808]
56428042,898,[625.172 625.172 625.172 ... 594.985 617.808 617.808]
56428042,899,[625.172 625.172 625.172 ... 594.985 617.808 617.808]
56428042,900,[625.172 625.172 625.172 ... 594.985 617.808 617.808]
56428042,901,[625.172 625.172 625.172 ... 594.985 617.808 617.808]
56428042,902,[625.172 625.172 625.172 ... 594.985 617.808 617.808]
56428042,903,[625.172 625.172 625.172 ... 594.985 617.808 617.808]
56428042,904,[625.172 625.172 625.172 ... 594.985 617.808 617.808]
56428042,905,[625.172 625.172 625.172 ... 594.985 617.808 617.808]
56428042,906,[625.172 625.172 625.172 ... 594.985 617.808 617.808]
56428042,907,[625.172 625.172 625.172 ... 594.985 617.808 617.808]
56428042,908,[625.172 625.172 625.172 ... 594.985 617.808 617.808]
56428042,909,[625.172 625.172 625.172 ... 594.985 617.808 617.808]
56428042,910,[625.172 625.172 625.172 ... 594.985 617.808 617.808]
56428042,911,[625.172 625.172 625.172 ... 594.985 617.808 617.808]
56428042,912,[625.172 625.172 625.172 ... 594.985 617.808 617.808]
56428042,913,[625.172 625.172 625.172 ... 594.985 617.808 617.808]
56428042,914,[625.172 625.172 625.172 ... 594.985 617.808 617.808]
56428042,915,[625.172 625.172 625.172 ... 594.985 617.808 617.808]
56428042,916,[625.172 625.172 625.172 ... 594.985 617.808 617.808]
56428042,917,[625.172 625.172 625.172 ... 594.985 617.808 617.808]
56428042,918,[625.172 625.172 625.172 ... 594.985 617.808 617.808]
56428042,919,[625.172 625.172 625.172 ... 594.985 617.808 617.808]
56428042,920,[625.172 625.172 625.172 ... 594.985 617.808 617.808]
56428042,921,[625.172 625.172 625.172 ... 594.985 617.808 617.808]
56428042,922,[625.172 625.172 625.172 ... 594.985 617.808 617.808]
56428042,923,[625.172 625.172 625.172 ... 594.985 617.808 617.808]
56428042,924,[625.172 625.172 625.172 ... 594.985 617.808 617.808]
56428042,925,[625.172 625.172 625.172 ... 594.985 617.808 617.808]
56428042,926,[625.172 625.172 625.172 ... 594.985 617.808 617.808]
56428042,927,[625.172 625.172 625.172 ... 594.985 617.808 617.808]
56428042,928,[625.172 625.172 625.172 ... 594.985 617.808 617.808]
56428042,929,[625.172 625.172 625.172 ... 594.985 617.808 617.808]
56428042,930,[625.172 625.172 625.172 ... 594.985 617.808 617.808]
56428042,931,[625.172 625.172 625.172 ... 594.985 617.808 617.808]
56428042,932,[625.172 625.172 625.172 ... 594.985 617.808 617.808]
56428042,933,[625.172 625.172 625.172 ... 594.985 617.808 617.808]
56428042,934,[625.172 625.172 625.172 ... 594.985 617.808 617.808]
56428042,935,[625.172 625.172 625.172 ... 594.985 617.808 617.808]
56428042,936,[625.172 625.172 625.172 ... 594.985 617.808 617.808]
56428042,937,[625.172 625.172 625.172 ... 594.985 617.808 617.808]
56428042,938,[625.172 625.172 625.172 ... 594.985 617.808 617.808]
56428042,939,[625.172 625.172 625.172 ... 594.985 617.808 617.808]
56428042,940,[625.172 625.172 625.172 ... 594.985 617.808 617.808]
56428042,941,[625.172 625.172 625.172 ... 594.985 617.808 617.808]
56428042,942,[625.172 625.172 625.172 ... 594.985 617.808 617.808]
56428042,943,[625.172 625.172 625.172 ... 594.985 617.808 617.808]
56428042,944,[625.172 625.172 625.172 ... 594.985 617.808 617.808]
56428042,945,[625.172 625.172 625.172 ... 594.985 617.808 617.808]
56428042,946,[625.172 625.172 625.172 ... 594.985 617.808 617.808]
56428042,947,[625.172 625.172 625.172 ... 594.985 617.808 617.808]
56428042,948,[625.172 625.172 625.172 ... 594.985 617.808 617.808]
56428042,949,[625.172 625.172 625.172 ... 594.985 617.808 617.808]
56428042,950,[625.172 625.172 625.172 ... 594.985 617.808 617.808]
56428042,951,[625.172 625.172 625.172 ... 594.985 617.808 617.808]
56428042,952,[625.172 625.172 625.172 ... 594.985 617.808 617.808]
56428042,953,[625.172 625.172 625.172 ... 594.985 617.808 617.808]
56428042,954,[625.172 625.172 625.172 ... 594.985 617.808 617.808]
56428042,955,[625.172 625.172 625.172 ... 594.985 617.808 617.808]
56428042,956,[625.172 625.172 625.172 ... 594.985 617.808 617.808]
56428042,957,[625.172 625.172 625.172 ... 594.985 617.808 617.808]
56428042,958,[625.172 625.172 625.172 ... 594.985 617.808 617.808]
56428042,959,[625.172 625.172 625.172 ... 594.985 617.808 617.808]
56428042,960,[625.172 625.172 625.172 ... 594.985 617.808 617.808]
56428042,961,[625.172 625.172 625.172 ... 594.985 617.808 617.808]
56428042,962,[625.172 625.172 625.172 ... 594.985 617.808 617.808]
56428042,963,[625.172 625.172 625.172 ... 594.985 617.808 617.808]
56428042,964,[625.172 625.172 625.172 ... 594.985 617.808 617.808]
56428042,965,[625.172 625.172 625.172 ... 594.985 617.808 617.808]
56428042,966,[625.172 625.172 625.172 ... 594.985 617.808 617.808]
56428042,967,[625.172 625.172 625.172 ... 594.985 617.808 617.808]
56428042,968,[625.172 625.172 625.172 ... 594.985 617.808 617.808]
56428042,969,[625.172 625.172 625.172 ... 594.985 617.808 617.808]
56428042,970,[625.172 625.172 625.172 ... 594.985 617.808 617.808]
56428042,971,[625.172 625.172 625.172 ... 594.985 617.808 617.808]
56428042,972,[625.172 625.172 625.172 ... 594.985 617.808 617.808]
56428042,973,[625.172 625.172 625.172 ... 594.985 617.808 617.808]
56428042,974,[625.172 625.172 625.172 ... 594.985 617.808 617.808]
56428042,975,[625.172 625.172 625.172 ... 594.985 617.808 617.808]
56428042,976,[625.172 625.172 625.172 ... 594.985 617.808 617.808]
56428042,977,[625.172 625.172 625.172 ... 594.985 617.808 617.808]
56428042,978,[625.172 625.172 625.172 ... 594.985 617.808 617.808]
56428042,979,[625.172 625.172 625.172 ... 594.985 617.808 617.808]
56428042,980,[625.172 625.172 625.172 ... 594.985 617.808 617.808]
56428042,981,[625.172 625.172 625.172 ... 594.985 617.808 617.808]
56428042,982,[625.172 625.172 625.172 ... 594.985 617.808 617.808]
56428042,983,[625.172 625.172 625.172 ... 594.985 617.808 617.808]
56428042,984,[625.172 625.172 625.172 ... 594.985 617.808 617.808]
56428042,985,[625.172 625.172 625.172 ... 594.985 617.808 617.808]
56428042,986,[625.172 625.172 625.172 ... 594.985 617.808 617.808]
56428042,987,[625.172 625.172 625.172 ... 594.985 617.808 617.808]
56428042,988,[625.172 625.172 625.172 ... 594.985 617.808 617.808]
56428042,989,[625.172 625.172 625.172 ... 594.985 617.808 617.808]
56428042,990,[625.172 625.172 625.172 ... 594.985 617.808 617.808]
56428042,991,[625.172 625.172 625.172 ... 594.985 617.808 617.808]
56428042,992,[625.172 625.172 625.172 ... 594.985 617.808 617.808]
56428042,993,[625.172 625.172 625.172 ... 594.985 617.808 617.808]
56428042,994,[625.172 625.172 625.172 ... 594.985 617.808 617.808]
56428042,995,[625.172 625.172 625.172 ... 594.985 617.808 617.808]
56428042,996,[625.172 625.172 625.172 ... 594.985 617.808 617.808]
56428042,997,[625.172 625.172 625.172 ... 594.985 617.808 617.808]
56428042,998,[625.172 625.172 625.172 ... 594.985 617.808 617.808]
56428042,999,[625.172 625.172 625.172 ... 594.985 617.808 617.808]
56428042,1000,[625.172 625.172 625.172 ... 594.985 617.808 617.808]
56428042,1001,[625.172 625.172 625.172 ... 594.985 617.808 617.808]
56428042,1002,[625.172 625.172 625.172 ... 594.985 617.808 617.808]
56428042,1003,[625.172 625.172 625.172 ... 594.985 617.808 617.808]
56428042,1004,[625.172 625.172 625.172 ... 594.985 617.808 617.808]
56428042,1005,[625.172 625.172 625.172 ... 594.985 617.808 617.808]
56428042,1006,[625.172 625.172 625.172 ... 594.985 617.808 617.808]
56428042,1007,[625.172 625.172 625.172 ... 594.985 617.808 617.808]
56428042,1008,[625.172 625.172 625.172 ... 594.985 617.808 617.808]
56428042,1009,[625.172 625.172 625.172 ... 594.985 617.808 617.808]
56428042,1010,[625.172 625.172 625.172 ... 594.985 617.808 617.808]
56428042,1011,[625.172 625.172 625.172 ... 594.985 617.808 617.808]
56428042,1012,[625.172 625.172 625.172 ... 594.985 617.808 617.808]
56428042,1013,[625.172 625.172 625.172 ... 594.985 617.808 617.808]
56428042,1014,[625.172 625.172 625.172 ... 594.985 617.808 617.808]
56428042,1015,[625.172 625.172 625.172 ... 594.985 617.808 617.808]
56428042,1016,[625.172 625.172 625.172 ... 594.985 617.808 617.808]
56428042,1017,[625.172 625.172 625.172 ... 594.985 617.808 617.808]
56428042,1018,[625.172 625.172 625.172 ... 594.985 617.808 617.808]
56428042,1019,[625.172 625.172 625.172 ... 594.985 617.808 617.808]
56428042,1020,[625.172 625.172 625.172 ... 594.985 617.808 617.808]
56428042,1021,[625.172 625.172 625.172 ... 594.985 617.808 617.808]
56428042,1022,[625.172 625.172 625.172 ... 594.985 617.808 617.808]
56428042,1023,[625.172 625.172 625.172 ... 594.985 617.808 617.808]
56428042,1024,[625.172 625.172 625.172 ... 594.985 617.808 617.808]
56428042,1025,[625.172 625.172 625.172 ... 594.985 617.808 617.808]
56428042,1026,[625.172 625.172 625.172 ... 594.985 617.808 617.808]
56428042,1027,[625.172 625.172 625.172 ... 594.985 617.808 617.808]
56428042,1028,[625.172 625.172 625.172 ... 594.985 617.808 617.808]
56428042,1029,[625.172 625.172 625.172 ... 594.985 617.808 617.808]
56428042,1030,[625.172 625.172 625.172 ... 594.985 617.808 617.808]
56428042,1031,[625.172 625.172 625.172 ... 594.985 617.808 617.808]
56428042,1032,[625.172 625.172 625.172 ... 594.985 617.808 617.808]
56428042,1033,[625.172 625.172 625.172 ... 594.985 617.808 617.808]
56428042,1034,[625.172 625.172 625.172 ... 594.985 617.808 617.808]
56428042,1035,[625.172 625.172 625.172 ... 594.985 617.808 617.808]
56428042,1036,[625.172 625.172 625.172 ... 594.985 617.808 617.808]
56428042,1037,[625.172 625.172 625.172 ... 594.985 617.808 617.808]
56428042,1038,[625.172 625.172 625.172 ... 594.985 617.808 617.808]
56428042,1039,[625.172 625.172 625.172 ... 594.985 617.808 617.808]
56428042,1040,[625.172 625.172 625.172 ... 594.985 617.808 617.808]
56428042,1041,[625.172 625.172 625.172 ... 594.985 617.808 617.808]
56428042,1042,[625.172 625.172 625.172 ... 594.985 617.808 617.808]
56428042,1043,[625.172 625.172 625.172 ... 594.985 617.808 617.808]
56428042,1044,[625.172 625.172 625.172 ... 594.985 617.808 617.808]
56428042,1045,[625.172 625.172 625.172 ... 594.985 617.808 617.808]
56428042,1046,[625.172 625.172 625.172 ... 594.985 617.808 617.808]
56428042,1047,[625.172 625.172 625.172 ... 594.985 617.808 617.808]
56428042,1048,[625.172 625.172 625.172 ... 594.985 617.808 617.808]
56428042,1049,[625.172 625.172 625.172 ... 594.985 617.808 617.808]
56428042,1050,[625.172 625.172 625.172 ... 594.985 617.808 617.808]
56428042,1051,[625.172 625.172 625.172 ... 594.985 617.808 617.808]
56428042,1052,[625.172 625.172 625.172 ... 594.985 617.808 617.808]
56428042,1053,[625.172 625.172 625.172 ... 594.985 617.808 617.808]
56428042,1054,[625.172 625.172 625.172 ... 594.985 617.808 617.808]
56428042,1055,[625.172 625.172 625.172 ... 594.985 617.808 617.808]
56428042,1056,[625.172 625.172 625.172 ... 594.985 617.808 617.808]
56428042,1057,[625.172 625.172 625.172 ... 594.985 617.808 617.808]
56428042,1058,[625.172 625.172 625.172 ... 594.985 617.808 617.808]
56428042,1059,[625.172 625.172 625.172 ... 594.985 617.808 617.808]
56428042,1060,[625.172 625.172 625.172 ... 594.985 617.808 617.808]
56428042,1061,[625.172 625.172 625.172 ... 594.985 617.808 617.808]
56428042,1062,[625.172 625.172 625.172 ... 594.985 617.808 617.808]
56428042,1063,[625.172 625.172 625.172 ... 594.985 617.808 617.808]
56428042,1064,[625.172 625.172 625.172 ... 594.985 617.808 617.808]
56428042,1065,[625.172 625.172 625.172 ... 594.985 617.808 617.808]
56428042,1066,[625.172 625.172 625.172 ... 594.985 617.808 617.808]
56428042,1067,[625.172 625.172 625.172 ... 594.985 617.808 617.808]
56428042,1068,[625.172 625.172 625.172 ... 594.985 617.808 617.808]
56428042,1069,[625.172 625.172 625.172 ... 594.985 617.808 617.808]
56428042,1070,[625.172 625.172 625.172 ... 594.985 617.808 617.808]
56428042,1071,[625.172 625.172 625.172 ... 594.985 617.808 617.808]
56428042,1072,[625.172 625.172 625.172 ... 594.985 617.808 617.808]
56428042,1073,[625.172 625.172 625.172 ... 594.985 617.808 617.808]
56428042,1074,[625.172 625.172 625.172 ... 594.985 617.808 617.808]
56428042,1075,[625.172 625.172 625.172 ... 594.985 617.808 617.808]
56428042,1076,[625.172 625.172 625.172 ... 594.985 617.808 617.808]
56428042,1077,[625.172 625.172 625.172 ... 594.985 617.808 617.808]
56428042,1078,[625.172 625.172 625.172 ... 594.985 617.808 617.808]
56428042,1079,[625.172 625.172 625.172 ... 594.985 617.808 617.808]
56428042,1080,[625.172 625.172 625.172 ... 594.985 617.808 617.808]
56428042,1081,[625.172 625.172 625.172 ... 594.985 617.808 617.808]
56428042,1082,[625.172 625.172 625.172 ... 594.985 617.808 617.808]
56428042,1083,[625.172 625.172 625.172 ... 594.985 617.808 617.808]
56428042,1084,[625.172 625.172 625.172 ... 594.985 617.808 617.808]
56428042,1085,[625.172 625.172 625.172 ... 594.985 617.808 617.808]
56428042,1086,[625.172 625.172 625.172 ... 594.985 617.808 617.808]
56428042,1087,[625.172 625.172 625.172 ... 594.985 617.808 617.808]
56428042,1088,[625.172 625.172 625.172 ... 594.985 617.808 617.808]
56428042,1089,[625.172 625.172 625.172 ... 594.985 617.808 617.808]
56428042,1090,[625.172 625.172 625.172 ... 594.985 617.808 617.808]
56428042,1091,[625.172 625.172 625.172 ... 594.985 617.808 617.808]
56428042,1092,[625.172 625.172 625.172 ... 594.985 617.808 617.808]
56428042,1093,[625.172 625.172 625.172 ... 594.985 617.808 617.808]
56428042,1094,[625.172 625.172 625.172 ... 594.985 617.808 617.808]
56428042,1095,[625.172 625.172 625.172 ... 594.985 617.808 617.808]
56428042,1096,[625.172 625.172 625.172 ... 594.985 617.808 617.808]
56428042,1097,[625.172 625.172 625.172 ... 594.985 617.808 617.808]
56428042,1098,[625.172 625.172 625.172 ... 594.985 617.808 617.808]
56428042,1099,[625.172 625.172 625.172 ... 594.985 617.808 617.808]
56428042,1100,[625.172 625.172 625.172 ... 594.985 617.808 617.808]
56428042,1101,[625.172 625.172 625.172 ... 594.985 617.808 617.808]
56428042,1102,[625.172 625.172 625.172 ... 594.985 617.808 617.808]
56428042,1103,[625.172 625.172 625.172 ... 594.985 617.808 617.808]
56428042,1104,[625.172 625.172 625.172 ... 594.985 617.808 617.808]
56428042,1105,[625.172 625.172 625.172 ... 594.985 617.808 617.808]
56428042,1106,[625.172 625.172 625.172 ... 594.985 617.808 617.808]
56428042,1107,[625.172 625.172 625.172 ... 594.985 617.808 617.808]
56428042,1108,[625.172 625.172 625.172 ... 594.985 617.808 617.808]
56428042,1109,[625.172 625.172 625.172 ... 594.985 617.808 617.808]
56428042,1110,[625.172 625.172 625.172 ... 594.985 617.808 617.808]
56428042,1111,[625.172 625.172 625.172 ... 594.985 617.808 617.808]
56428042,1112,[625.172 625.172 625.172 ... 594.985 617.808 617.808]
56428042,1113,[625.172 625.172 625.172 ... 594.985 617.808 617.808]
56428042,1114,[625.172 625.172 625.172 ... 594.985 617.808 617.808]
56428042,1115,[625.172 625.172 625.172 ... 594.985 617.808 617.808]
56428042,1116,[625.172 625.172 625.172 ... 594.985 617.808 617.808]
56428042,1117,[625.172 625.172 625.172 ... 594.985 617.808 617.808]
56428042,1118,[625.172 625.172 625.172 ... 594.985 617.808 617.808]
56428042,1119,[625.172 625.172 625.172 ... 594.985 617.808 617.808]
56428042,1120,[625.172 625.172 625.172 ... 594.985 617.808 617.808]
56428042,1121,[625.172 625.172 625.172 ... 594.985 617.808 617.808]
56428042,1122,[625.172 625.172 625.172 ... 594.985 617.808 617.808]
56428042,1123,[625.172 625.172 625.172 ... 594.985 617.808 617.808]
56428042,1124,[625.172 625.172 625.172 ... 594.985 617.808 617.808]
56428042,1125,[625.172 625.172 625.172 ... 594.985 617.808 617.808]
56428042,1126,[625.172 625.172 625.172 ... 594.985 617.808 617.808]
56428042,1127,[625.172 625.172 625.172 ... 594.985 617.808 617.808]
56428042,1128,[625.172 625.172 625.172 ... 594.985 617.808 617.808]
56428042,1129,[625.172 625.172 625.172 ... 594.985 617.808 617.808]
56428042,1130,[625.172 625.172 625.172 ... 594.985 617.808 617.808]
56428042,1131,[625.172 625.172 625.172 ... 594.985 617.808 617.808]
56428042,1132,[625.172 625.172 625.172 ... 594.985 617.808 617.808]
56428042,1133,[625.172 625.172 625.172 ... 594.985 617.808 617.808]
56428042,1134,[625.172 625.172 625.172 ... 594.985 617.808 617.808]
56428042,1135,[625.172 625.172 625.172 ... 594.985 617.808 617.808]
56428042,1136,[625.172 625.172 625.172 ... 594.985 617.808 617.808]
56428042,1137,[625.172 625.172 625.172 ... 594.985 617.808 617.808]
56428042,1138,[625.172 625.172 625.172 ... 594.985 617.808 617.808]
56428042,1139,[625.172 625.172 625.172 ... 594.985 617.808 617.808]
56428042,1140,[625.172 625.172 625.172 ... 594.985 617.808 617.808]
56428042,1141,[625.172 625.172 625.172 ... 594.985 617.808 617.808]
56428042,1142,[625.172 625.172 625.172 ... 594.985 617.808 617.808]
56428042,1143,[625.172 625.172 625.172 ... 594.985 617.808 617.808]
56428042,1144,[625.172 625.172 625.172 ... 594.985 617.808 617.808]
56428042,1145,[625.172 625.172 625.172 ... 594.985 617.808 617.808]
56428042,1146,[625.172 625.172 625.172 ... 594.985 617.808 617.808]
56428042,1147,[625.172 625.172 625.172 ... 594.985 617.808 617.808]
56428042,1148,[625.172 625.172 625.172 ... 594.985 617.808 617.808]
56428042,1149,[625.172 625.172 625.172 ... 594.985 617.808 617.808]
56428042,1150,[625.172 625.172 625.172 ... 594.985 617.808 617.808]
56428042,1151,[625.172 625.172 625.172 ... 594.985 617.808 617.808]
56428042,1152,[625.172 625.172 625.172 ... 594.985 617.808 617.808]
56428042,1153,[625.172 625.172 625.172 ... 594.985 617.808 617.808]
56428042,1154,[625.172 625.172 625.172 ... 594.985 617.808 617.808]
56428042,1155,[625.172 625.172 625.172 ... 594.985 617.808 617.808]
56428042,1156,[625.172 625.172 625.172 ... 594.985 617.808 617.808]
56428042,1157,[625.172 625.172 625.172 ... 594.985 617.808 617.808]
56428042,1158,[625.172 625.172 625.172 ... 594.985 617.808 617.808]
56428042,1159,[625.172 625.172 625.172 ... 594.985 617.808 617.808]
56428042,1160,[625.172 625.172 625.172 ... 594.985 617.808 617.808]
56428042,1161,[625.172 625.172 625.172 ... 594.985 617.808 617.808]
56428042,1162,[625.172 625.172 625.172 ... 594.985 617.808 617.808]
56428042,1163,[625.172 625.172 625.172 ... 594.985 617.808 617.808]
56428042,1164,[625.172 625.172 625.172 ... 594.985 617.808 617.808]
56428042,1165,[625.172 625.172 625.172 ... 594.985 617.808 617.808]
56428042,1166,[625.172 625.172 625.172 ... 594.985 617.808 617.808]
56428042,1167,[625.172 625.172 625.172 ... 594.985 617.808 617.808]
56428042,1168,[625.172 625.172 625.172 ... 594.985 617.808 617.808]
56428042,1169,[625.172 625.172 625.172 ... 594.985 617.808 617.808]
56428042,1170,[625.172 625.172 625.172 ... 594.985 617.808 617.808]
56428042,1171,[625.172 625.172 625.172 ... 594.985 617.808 617.808]
56428042,1172,[625.172 625.172 625.172 ... 594.985 617.808 617.808]
56428042,1173,[625.172 625.172 625.172 ... 594.985 617.808 617.808]
56428042,1174,[625.172 625.172 625.172 ... 594.985 617.808 617.808]
56428042,1175,[625.172 625.172 625.172 ... 594.985 617.808 617.808]
56428042,1176,[625.172 625.172 625.172 ... 594.985 617.808 617.808]
56428042,1177,[625.172 625.172 625.172 ... 594.985 617.808 617.808]
56428042,1178,[625.172 625.172 625.172 ... 594.985 617.808 617.808]
56428042,1179,[625.172 625.172 625.172 ... 594.985 617.808 617.808]
56428042,1180,[625.172 625.172 625.172 ... 594.985 617.808 617.808]
56428042,1181,[625.172 625.172 625.172 ... 594.985 617.808 617.808]
56428042,1182,[625.172 625.172 625.172 ... 594.985 617.808 617.808]
56428042,1183,[625.172 625.172 625.172 ... 594.985 617.808 617.808]
56428042,1184,[625.172 625.172 625.172 ... 594.985 617.808 617.808]
56428042,1185,[625.172 625.172 625.172 ... 594.985 617.808 617.808]
56428042,1186,[625.172 625.172 625.172 ... 594.985 617.808 617.808]
56428042,1187,[625.172 625.172 625.172 ... 594.985 617.808 617.808]
56428042,1188,[625.172 625.172 625.172 ... 594.985 617.808 617.808]
56428042,1189,[625.172 625.172 625.172 ... 594.985 617.808 617.808]
56428042,1190,[625.172 625.172 625.172 ... 594.985 617.808 617.808]
56428042,1191,[625.172 625.172 625.172 ... 594.985 617.808 617.808]
56428042,1192,[625.172 625.172 625.172 ... 594.985 617.808 617.808]
56428042,1193,[625.172 625.172 625.172 ... 594.985 617.808 617.808]
56428042,1194,[625.172 625.172 625.172 ... 594.985 617.808 617.808]
56428042,1195,[625.172 625.172 625.172 ... 594.985 617.808 617.808]
56428042,1196,[625.172 625.172 625.172 ... 594.985 617.808 617.808]
56428042,1197,[625.172 625.172 625.172 ... 594.985 617.808 617.808]
56428042,1198,[625.172 625.172 625.172 ... 594.985 617.808 617.808]
56428042,1199,[625.172 625.172 625.172 ... 594.985 617.808 617.808]
56428042,1200,[625.172 625.172 625.172 ... 594.985 617.808 617.808]
56428042,1201,[625.172 625.172 625.172 ... 594.985 617.808 617.808]
56428042,1202,[625.172 625.172 625.172 ... 594.985 617.808 617.808]
56428042,1203,[625.172 625.172 625.172 ... 594.985 617.808 617.808]
56428042,1204,[625.172 625.172 625.172 ... 594.985 617.808 617.808]
56428042,1205,[625.172 625.172 625.172 ... 594.985 617.808 617.808]
56428042,1206,[625.172 625.172 625.172 ... 594.985 617.808 617.808]
56428042,1207,[625.172 625.172 625.172 ... 594.985 617.808 617.808]
56428042,1208,[625.172 625.172 625.172 ... 594.985 617.808 617.808]
56428042,1209,[625.172 625.172 625.172 ... 594.985 617.808 617.808]
56428042,1210,[625.172 625.172 625.172 ... 594.985 617.808 617.808]
56428042,1211,[625.172 625.172 625.172 ... 594.985 617.808 617.808]
56428042,1212,[625.172 625.172 625.172 ... 594.985 617.808 617.808]
56428042,1213,[625.172 625.172 625.172 ... 594.985 617.808 617.808]
56428042,1214,[625.172 625.172 625.172 ... 594.985 617.808 617.808]
56428042,1215,[625.172 625.172 625.172 ... 594.985 617.808 617.808]
56428042,1216,[625.172 625.172 625.172 ... 594.985 617.808 617.808]
56428042,1217,[625.172 625.172 625.172 ... 594.985 617.808 617.808]
56428042,1218,[625.172 625.172 625.172 ... 594.985 617.808 617.808]
56428042,1219,[625.172 625.172 625.172 ... 594.985 617.808 617.808]
56428042,1220,[625.172 625.172 625.172 ... 594.985 617.808 617.808]
56428042,1221,[625.172 625.172 625.172 ... 594.985 617.808 617.808]
56428042,1222,[625.172 625.172 625.172 ... 594.985 617.808 617.808]
56428042,1223,[625.172 625.172 625.172 ... 594.985 617.808 617.808]
56428042,1224,[625.172 625.172 625.172 ... 594.985 617.808 617.808]
56428042,1225,[625.172 625.172 625.172 ... 594.985 617.808 617.808]
56428042,1226,[625.172 625.172 625.172 ... 594.985 617.808 617.808]
56428042,1227,[625.172 625.172 625.172 ... 594.985 617.808 617.808]
56428042,1228,[625.172 625.172 625.172 ... 594.985 617.808 617.808]
56428042,1229,[625.172 625.172 625.172 ... 594.985 617.808 617.808]
56428042,1230,[625.172 625.172 625.172 ... 594.985 617.808 617.808]
56428042,1231,[625.172 625.172 625.172 ... 594.985 617.808 617.808]
56428042,1232,[625.172 625.172 625.172 ... 594.985 617.808 617.808]
56428042,1233,[625.172 625.172 625.172 ... 594.985 617.808 617.808]
56428042,1234,[625.172 625.172 625.172 ... 594.985 617.808 617.808]
56428042,1235,[625.172 625.172 625.172 ... 594.985 617.808 617.808]
56428042,1236,[625.172 625.172 625.172 ... 594.985 617.808 617.808]
56428042,1237,[625.172 625.172 625.172 ... 594.985 617.808 617.808]
56428042,1238,[625.172 625.172 625.172 ... 594.985 617.808 617.808]
56428042,1239,[625.172 625.172 625.172 ... 594.985 617.808 617.808]
56428042,1240,[625.172 625.172 625.172 ... 594.985 617.808 617.808]
56428042,1241,[625.172 625.172 625.172 ... 594.985 617.808 617.808]
56428042,1242,[625.172 625.172 625.172 ... 594.985 617.808 617.808]
56428042,1243,[625.172 625.172 625.172 ... 594.985 617.808 617.808]
56428042,1244,[625.172 625.172 625.172 ... 594.985 617.808 617.808]
56428042,1245,[625.172 625.172 625.172 ... 594.985 617.808 617.808]
56428042,1246,[625.172 625.172 625.172 ... 594.985 617.808 617.808]
56428042,1247,[625.172 625.172 625.172 ... 594.985 617.808 617.808]
56428042,1248,[625.172 625.172 625.172 ... 594.985 617.808 617.808]
56428042,1249,[625.172 625.172 625.172 ... 594.985 617.808 617.808]
56428042,1250,[625.172 625.172 625.172 ... 594.985 617.808 617.808]
56428042,1251,[625.172 625.172 625.172 ... 594.985 617.808 617.808]
56428042,1252,[625.172 625.172 625.172 ... 594.985 617.808 617.808]
56428042,1253,[625.172 625.172 625.172 ... 594.985 617.808 617.808]
56428042,1254,[625.172 625.172 625.172 ... 594.985 617.808 617.808]
56428042,1255,[625.172 625.172 625.172 ... 594.985 617.808 617.808]
56428042,1256,[625.172 625.172 625.172 ... 594.985 617.808 617.808]
56428042,1257,[625.172 625.172 625.172 ... 594.985 617.808 617.808]
56428042,1258,[625.172 625.172 625.172 ... 594.985 617.808 617.808]
56428042,1259,[625.172 625.172 625.172 ... 594.985 617.808 617.808]
56428042,1260,[625.172 625.172 625.172 ... 594.985 617.808 617.808]
56428042,1261,[625.172 625.172 625.172 ... 594.985 617.808 617.808]
56428042,1262,[625.172 625.172 625.172 ... 594.985 617.808 617.808]
56428042,1263,[625.172 625.172 625.172 ... 594.985 617.808 617.808]
56428042,1264,[625.172 625.172 625.172 ... 594.985 617.808 617.808]
56428042,1265,[625.172 625.172 625.172 ... 594.985 617.808 617.808]
56428042,1266,[625.172 625.172 625.172 ... 594.985 617.808 617.808]
56428042,1267,[625.172 625.172 625.172 ... 594.985 617.808 617.808]
56428042,1268,[625.172 625.172 625.172 ... 594.985 617.808 617.808]
56428042,1269,[625.172 625.172 625.172 ... 594.985 617.808 617.808]
56428042,1270,[625.172 625.172 625.172 ... 594.985 617.808 617.808]
56428042,1271,[625.172 625.172 625.172 ... 594.985 617.808 617.808]
56428042,1272,[625.172 625.172 625.172 ... 594.985 617.808 617.808]
56428042,1273,[625.172 625.172 625.172 ... 594.985 617.808 617.808]
56428042,1274,[625.172 625.172 625.172 ... 594.985 617.808 617.808]
56428042,1275,[625.172 625.172 625.172 ... 594.985 617.808 617.808]
56428042,1276,[625.172 625.172 625.172 ... 594.985 617.808 617.808]
56428042,1277,[625.172 625.172 625.172 ... 594.985 617.808 617.808]
56428042,1278,[625.172 625.172 625.172 ... 594.985 617.808 617.808]
56428042,1279,[625.172 625.172 625.172 ... 594.985 617.808 617.808]
56428042,1280,[625.172 625.172 625.172 ... 594.985 617.808 617.808]
56428042,1281,[625.172 625.172 625.172 ... 594.985 617.808 617.808]
56428042,1282,[625.172 625.172 625.172 ... 594.985 617.808 617.808]
56428042,1283,[625.172 625.172 625.172 ... 594.985 617.808 617.808]
56428042,1284,[625.172 625.172 625.172 ... 594.985 617.808 617.808]
56428042,1285,[625.172 625.172 625.172 ... 594.985 617.808 617.808]
56428042,1286,[625.172 625.172 625.172 ... 594.985 617.808 617.808]
56428042,1287,[625.172 625.172 625.172 ... 594.985 617.808 617.808]
56428042,1288,[625.172 625.172 625.172 ... 594.985 617.808 617.808]
56428042,1289,[625.172 625.172 625.172 ... 594.985 617.808 617.808]
56428042,1290,[625.172 625.172 625.172 ... 594.985 617.808 617.808]
56428042,1291,[625.172 625.172 625.172 ... 594.985 617.808 617.808]
56428042,1292,[625.172 625.172 625.172 ... 594.985 617.808 617.808]
56428042,1293,[625.172 625.172 625.172 ... 594.985 617.808 617.808]
56428042,1294,[625.172 625.172 625.172 ... 594.985 617.808 617.808]
56428042,1295,[625.172 625.172 625.172 ... 594.985 617.808 617.808]
56428042,1296,[625.172 625.172 625.172 ... 594.985 617.808 617.808]
56428042,1297,[625.172 625.172 625.172 ... 594.985 617.808 617.808]
56428042,1298,[625.172 625.172 625.172 ... 594.985 617.808 617.808]
56428042,1299,[625.172 625.172 625.172 ... 594.985 617.808 617.808]
56428042,1300,[625.172 625.172 625.172 ... 594.985 617.808 617.808]
56428042,1301,[625.172 625.172 625.172 ... 594.985 617.808 617.808]
56428042,1302,[625.172 625.172 625.172 ... 594.985 617.808 617.808]
56428042,1303,[625.172 625.172 625.172 ... 594.985 617.808 617.808]
56428042,1304,[625.172 625.172 625.172 ... 594.985 617.808 617.808]
56428042,1305,[625.172 625.172 625.172 ... 594.985 617.808 617.808]
56428042,1306,[625.172 625.172 625.172 ... 594.985 617.808 617.808]
56428042,1307,[625.172 625.172 625.172 ... 594.985 617.808 617.808]
56428042,1308,[625.172 625.172 625.172 ... 594.985 617.808 617.808]
56428042,1309,[625.172 625.172 625.172 ... 594.985 617.808 617.808]
56428042,1310,[625.172 625.172 625.172 ... 594.985 617.808 617.808]
56428042,1311,[625.172 625.172 625.172 ... 594.985 617.808 617.808]
56428042,1312,[625.172 625.172 625.172 ... 594.985 617.808 617.808]
56428042,1313,[625.172 625.172 625.172 ... 594.985 617.808 617.808]
56428042,1314,[625.172 625.172 625.172 ... 594.985 617.808 617.808]
56428042,1315,[625.172 625.172 625.172 ... 594.985 617.808 617.808]
56428042,1316,[625.172 625.172 625.172 ... 594.985 617.808 617.808]
56428042,1317,[625.172 625.172 625.172 ... 594.985 617.808 617.808]
56428042,1318,[625.172 625.172 625.172 ... 594.985 617.808 617.808]
56428042,1319,[625.172 625.172 625.172 ... 594.985 617.808 617.808]
56428042,1320,[625.172 625.172 625.172 ... 594.985 617.808 617.808]
56428042,1321,[625.172 625.172 625.172 ... 594.985 617.808 617.808]
56428042,1322,[625.172 625.172 625.172 ... 594.985 617.808 617.808]
56428042,1323,[625.172 625.172 625.172 ... 594.985 617.808 617.808]
56428042,1324,[625.172 625.172 625.172 ... 594.985 617.808 617.808]
56428042,1325,[625.172 625.172 625.172 ... 594.985 617.808 617.808]
56428042,1326,[625.172 625.172 625.172 ... 594.985 617.808 617.808]
56428042,1327,[625.172 625.172 625.172 ... 594.985 617.808 617.808]
56428042,1328,[625.172 625.172 625.172 ... 594.985 617.808 617.808]
56428042,1329,[625.172 625.172 625.172 ... 594.985 617.808 617.808]
56428042,1330,[625.172 625.172 625.172 ... 594.985 617.808 617.808]
56428042,1331,[625.172 625.172 625.172 ... 594.985 617.808 617.808]
56428042,1332,[625.172 625.172 625.172 ... 594.985 617.808 617.808]
56428042,1333,[625.172 625.172 625.172 ... 594.985 617.808 617.808]
56428042,1334,[625.172 625.172 625.172 ... 594.985 617.808 617.808]
56428042,1335,[625.172 625.172 625.172 ... 594.985 617.808 617.808]
56428042,1336,[625.172 625.172 625.172 ... 594.985 617.808 617.808]
56428042,1337,[625.172 625.172 625.172 ... 594.985 617.808 617.808]
56428042,1338,[625.172 625.172 625.172 ... 594.985 617.808 617.808]
56428042,1339,[625.172 625.172 625.172 ... 594.985 617.808 617.808]
56428042,1340,[625.172 625.172 625.172 ... 594.985 617.808 617.808]
56428042,1341,[625.172 625.172 625.172 ... 594.985 617.808 617.808]
56428042,1342,[625.172 625.172 625.172 ... 594.985 617.808 617.808]
56428042,1343,[625.172 625.172 625.172 ... 594.985 617.808 617.808]
56428042,1344,[625.172 625.172 625.172 ... 594.985 617.808 617.808]
56428042,1345,[625.172 625.172 625.172 ... 594.985 617.808 617.808]
56428042,1346,[625.172 625.172 625.172 ... 594.985 617.808 617.808]
56428042,1347,[625.172 625.172 625.172 ... 594.985 617.808 617.808]
56428042,1348,[625.172 625.172 625.172 ... 594.985 617.808 617.808]
56428042,1349,[625.172 625.172 625.172 ... 594.985 617.808 617.808]
56428042,1350,[625.172 625.172 625.172 ... 594.985 617.808 617.808]
56428042,1351,[625.172 625.172 625.172 ... 594.985 617.808 617.808]
56428042,1352,[625.172 625.172 625.172 ... 594.985 617.808 617.808]
56428042,1353,[625.172 625.172 625.172 ... 594.985 617.808 617.808]
56428042,1354,[625.172 625.172 625.172 ... 594.985 617.808 617.808]
56428042,1355,[625.172 625.172 625.172 ... 594.985 617.808 617.808]
56428042,1356,[625.172 625.172 625.172 ... 594.985 617.808 617.808]
56428042,1357,[625.172 625.172 625.172 ... 594.985 617.808 617.808]
56428042,1358,[625.172 625.172 625.172 ... 594.985 617.808 617.808]
56428042,1359,[625.172 625.172 625.172 ... 594.985 617.808 617.808]
56428042,1360,[625.172 625.172 625.172 ... 594.985 617.808 617.808]
56428042,1361,[625.172 625.172 625.172 ... 594.985 617.808 617.808]
56428042,1362,[625.172 625.172 625.172 ... 594.985 617.808 617.808]
56428042,1363,[625.172 625.172 625.172 ... 594.985 617.808 617.808]
56428042,1364,[625.172 625.172 625.172 ... 594.985 617.808 617.808]
56428042,1365,[625.172 625.172 625.172 ... 594.985 617.808 617.808]
56428042,1366,[625.172 625.172 625.172 ... 594.985 617.808 617.808]
56428042,1367,[625.172 625.172 625.172 ... 594.985 617.808 617.808]
56428042,1368,[625.172 625.172 625.172 ... 594.985 617.808 617.808]
56428042,1369,[625.172 625.172 625.172 ... 594.985 617.808 617.808]
56428042,1370,[625.172 625.172 625.172 ... 594.985 617.808 617.808]
56428042,1371,[625.172 625.172 625.172 ... 594.985 617.808 617.808]
56428042,1372,[625.172 625.172 625.172 ... 594.985 617.808 617.808]
56428042,1373,[625.172 625.172 625.172 ... 594.985 617.808 617.808]
56428042,1374,[625.172 625.172 625.172 ... 594.985 617.808 617.808]
56428042,1375,[625.172 625.172 625.172 ... 594.985 617.808 617.808]
56428042,1376,[625.172 625.172 625.172 ... 594.985 617.808 617.808]
56428042,1377,[625.172 625.172 625.172 ... 594.985 617.808 617.808]
56428042,1378,[625.172 625.172 625.172 ... 594.985 617.808 617.808]
56428042,1379,[625.172 625.172 625.172 ... 594.985 617.808 617.808]
56428042,1380,[625.172 625.172 625.172 ... 594.985 617.808 617.808]
56428042,1381,[625.172 625.172 625.172 ... 594.985 617.808 617.808]
56428042,1382,[625.172 625.172 625.172 ... 594.985 617.808 617.808]
56428042,1383,[625.172 625.172 625.172 ... 594.985 617.808 617.808]
56428042,1384,[625.172 625.172 625.172 ... 594.985 617.808 617.808]
56428042,1385,[625.172 625.172 625.172 ... 594.985 617.808 617.808]
