0,1,2,3,4,5,6,7,8,9,10,11,12,13,14,15
5,7,13,6,8,13,8,9,6,10,10,18,8,13,15,14
0,0,-2,0,0,0,0,0,0,0,0,0,0,0,0,0
0,0,-2,0,0,0,0,0,0,0,0,0,0,0,0,0
0,0,0,2,0,0,0,0,0,0,0,0,0,0,0,0
0,0,0,2,0,0,0,0,0,0,0,0,0,0,0,0
0,0,0,0,-2,0,0,0,0,0,0,0,0,0,0,0
0,0,0,0,0,0,0,0,0,2,0,0,0,0,0,0
0,0,0,0,0,0,0,0,0,2,0,0,0,0,0,0
0,0,0,2,0,0,0,0,0,0,0,0,0,0,0,0
0,0,2,0,0,0,0,0,0,0,0,0,0,0,0,0
0,0,4,0,0,0,2,0,0,0,0,0,0,0,0,0
0,2,2,0,0,0,0,0,0,0,0,0,0,0,0,0
0,0,4,0,0,0,2,0,0,0,0,0,0,0,0,0
0,0,0,0,0,0,0,0,0,0,-2,0,0,0,0,0
0,0,0,0,0,0,0,0,0,0,0,2,0,0,0,0
0,-2,0,0,0,0,0,0,0,0,0,6,0,0,0,0
0,0,0,0,-2,0,0,0,0,0,0,0,0,0,0,-4
0,-2,0,0,-2,0,0,0,0,0,0,2,0,0,0,0
0,0,0,0,0,0,0,0,0,0,0,0,-2,0,0,0
0,0,0,0,0,0,0,0,0,0,0,2,0,0,0,-2
0,2,0,0,0,0,0,0,0,0,0,0,0,0,0,0
0,0,2,0,0,0,0,0,-2,0,0,0,0,0,0,2
0,0,-2,0,2,0,0,0,0,0,0,0,0,0,0,0
0,2,0,2,2,0,0,0,0,0,0,0,0,0,0,0
0,0,0,0,0,0,0,0,0,0,0,-2,0,0,0,0
0,0,0,0,0,0,0,0,0,0,0,2,0,0,0,0
0,0,0,0,0,0,0,0,0,0,0,2,0,0,0,0
0,0,0,0,0,0,0,0,0,0,0,2,0,0,0,0
0,0,0,0,0,0,4,0,0,0,0,0,0,0,0,0
0,-2,0,0,0,0,0,0,0,0,0,0,0,0,0,0
0,0,0,0,0,0,0,0,0,0,0,-2,0,0,0,-10
0,2,-4,0,0,0,0,0,0,0,0,-4,0,0,0,0
0,0,0,0,0,0,0,4,0,0,0,0,0,0,0,0
0,-2,0,0,0,0,0,0,0,0,0,0,0,0,0,0
0,0,0,0,0,0,0,4,0,0,0,0,0,0,0,0
0,0,0,0,0,0,0,2,0,0,0,0,0,0,0,0
0,0,2,0,4,0,0,0,0,0,0,0,0,0,0,0
-6,-2,0,0,0,0,0,2,0,0,0,0,0,0,0,0
0,0,0,0,2,0,0,0,0,0,0,0,0,0,0,0
0,0,-2,0,0,0,0,0,0,0,0,0,0,0,0,0
0,0,0,0,0,0,0,0,0,2,0,0,0,0,0,0
0,0,0,0,0,0,0,-2,0,0,0,0,0,0,0,0
-4,0,0,0,0,0,0,0,0,0,0,0,0,0,0,0
0,0,0,0,0,0,0,0,0,0,0,-4,0,0,0,0
0,0,0,0,0,0,0,0,0,2,0,-2,0,0,0,0
0,0,0,0,0,0,0,0,0,0,0,-2,0,0,0,0
0,0,0,0,2,0,0,0,0,0,0,0,0,0,0,0
0,0,2,0,0,0,0,0,0,0,0,-2,0,0,0,0
0,0,-2,0,2,0,0,0,0,0,0,0,0,0,0,2
0,0,0,0,0,0,0,0,0,0,0,0,0,0,0,2
0,0,0,0,0,0,-2,-8,0,0,0,0,0,0,0,2
2,0,0,0,0,0,0,0,0,0,0,0,0,0,0,0
0,0,0,2,0,0,0,0,0,0,0,2,0,0,0,2
2,0,0,0,0,0,0,0,0,0,0,0,0,0,0,-2
0,0,0,0,0,0,0,0,0,0,0,0,0,0,0,2
0,0,0,0,0,0,0,0,2,0,0,0,0,0,0,4
0,0,0,0,0,0,0,0,0,0,0,0,0,0,0,2
0,0,-4,0,0,0,0,0,0,0,0,0,0,0,0,2
0,0,0,0,-2,0,0,0,-2,0,-4,0,0,0,0,0
0,0,0,0,-4,0,0,0,0,0,0,-4,-2,0,0,0
0,0,0,0,2,0,2,0,0,0,0,0,0,0,0,0
0,0,0,0,2,0,0,0,0,0,0,-4,0,0,0,0
0,0,0,0,0,0,0,-2,0,0,0,-2,2,0,0,0
0,0,0,0,0,0,0,0,0,-2,0,0,0,0,0,0
0,0,0,0,0,0,0,0,0,0,0,0,0,0,0,2
0,0,-4,0,0,0,0,0,0,0,0,0,0,0,0,0
0,0,0,0,0,0,0,0,0,0,0,-2,0,0,0,0
0,0,0,0,0,0,0,0,0,0,2,0,0,0,0,0
0,0,0,0,0,0,-2,0,0,0,0,0,0,0,0,0
0,0,0,0,0,0,0,2,0,0,0,0,0,0,0,0
2,0,0,0,0,0,0,0,0,0,0,0,0,0,0,-2
0,2,0,0,0,0,0,0,0,0,4,0,0,0,0,0
-2,0,0,0,0,0,0,0,0,0,0,0,0,0,0,0
-2,0,0,0,0,0,0,0,0,0,0,0,0,0,0,-2
0,0,0,0,0,0,0,0,0,0,0,0,2,0,0,0
0,0,0,0,-2,0,0,0,0,0,0,0,0,0,0,0
0,-2,0,0,0,0,0,0,0,0,0,0,0,0,0,0
0,0,2,0,0,0,0,0,0,0,0,0,0,0,0,0
0,0,2,0,0,0,2,0,0,0,0,0,0,0,0,0
0,0,0,0,0,0,2,0,0,0,2,0,0,0,0,0
0,0,0,0,0,0,0,0,0,0,0,-4,0,0,0,0
0,0,-4,0,0,0,0,0,0,0,0,0,0,0,0,0
0,0,0,0,0,0,-4,0,0,0,0,0,0,0,0,0
0,0,0,0,0,0,0,0,0,0,0,-2,0,0,0,0
0,0,0,0,0,0,0,0,0,0,0,0,0,0,0,2
0,0,0,0,0,0,0,0,0,0,0,0,0,0,0,2
0,0,0,0,0,0,0,0,0,0,-4,0,0,0,0,0
0,0,0,0,2,0,0,0,0,0,0,0,0,0,0,0
0,0,0,0,0,0,0,0,0,0,0,-2,0,0,0,0
0,0,0,0,0,0,0,0,0,0,2,0,0,0,0,0
0,0,0,0,0,0,0,0,2,0,0,-2,0,0,0,0
0,0,0,0,0,0,0,0,0,-2,0,0,0,0,0,0
0,0,0,0,0,0,0,0,0,0,0,0,0,0,0,2
0,0,0,0,0,0,0,0,0,-2,0,0,0,0,0,0
0,0,2,0,0,0,0,0,0,0,0,0,0,0,0,0
0,0,0,0,0,2,0,0,0,0,0,0,0,0,0,0
0,0,0,0,0,2,0,0,0,0,0,0,0,0,0,0
-2,0,0,0,0,0,0,0,0,0,0,0,0,0,0,2
0,0,0,0,0,0,0,0,0,-2,0,0,0,0,0,0
0,0,-4,0,0,0,0,0,2,0,0,0,0,0,0,0
0,0,-2,0,0,0,0,0,0,0,0,0,0,0,0,0
0,0,2,0,0,0,0,0,0,0,0,0,0,0,0,0
0,0,2,0,0,0,0,0,0,0,0,0,0,0,0,0
0,0,0,2,0,0,0,0,0,0,0,0,0,0,0,0
0,0,0,0,0,0,0,0,0,0,-2,0,0,0,0,0
0,0,0,0,0,0,0,0,0,0,0,2,0,0,0,0
0,0,0,0,0,0,0,0,0,0,0,2,0,0,0,0
0,0,0,0,0,0,0,0,0,0,0,2,0,0,0,0
0,0,0,0,0,0,0,0,0,0,0,4,0,0,0,0
0,0,0,0,0,0,0,0,0,0,0,2,0,0,0,0
0,0,0,0,0,0,0,0,0,0,0,2,0,0,0,0
4,0,0,0,0,0,0,0,0,0,0,0,0,0,0,0
10,0,0,0,0,0,0,0,0,0,0,0,0,0,0,0
0,0,0,-4,0,0,0,0,0,0,0,0,0,0,0,0
0,0,0,-8,0,0,0,0,0,0,0,2,0,0,0,0
0,0,0,-2,0,0,0,0,2,0,0,0,0,0,0,0
0,0,2,0,0,0,0,0,0,0,0,4,0,0,0,0
0,0,0,0,0,0,0,0,0,0,0,4,0,0,0,0
0,0,0,0,0,0,0,0,0,0,0,2,0,0,0,0
0,0,0,0,0,0,0,0,0,0,-6,0,0,0,0,0
0,0,0,0,-12,0,0,0,0,0,0,0,0,0,0,0
0,0,0,0,0,-2,0,0,0,0,0,0,0,0,0,0
-8,0,-2,0,0,0,0,0,0,0,4,0,0,0,0,0
0,0,0,0,0,0,0,0,0,2,0,0,0,0,0,-2
0,0,0,0,0,0,0,0,0,0,2,0,0,0,0,0
0,0,0,0,2,0,0,0,0,0,0,0,0,0,0,0
0,0,0,0,8,0,0,0,0,0,0,0,0,0,0,0
0,0,2,0,0,0,0,0,0,0,0,-6,0,0,0,0
0,0,0,0,2,0,0,0,0,0,0,0,0,0,0,0
0,-12,0,0,0,0,0,0,0,0,0,0,0,0,0,0
0,0,-4,0,0,0,0,0,0,0,0,0,0,0,0,0
0,0,0,0,0,0,0,0,0,0,0,0,0,0,0,-2
6,0,-2,0,0,0,0,0,0,0,0,0,0,0,0,0
0,0,0,0,0,0,0,0,0,0,0,0,0,0,0,2
2,0,2,0,0,0,0,0,0,0,0,0,0,0,0,0
0,0,0,0,0,0,0,0,0,-2,-8,0,0,0,0,2
0,0,2,0,0,0,0,0,0,0,0,0,0,0,0,0
0,2,0,0,0,0,0,0,0,0,0,0,0,0,0,0
0,8,0,0,0,0,0,0,0,0,0,0,0,0,0,0
0,12,0,0,0,0,0,0,0,0,0,0,0,0,0,0
0,0,0,0,0,0,0,0,-12,0,0,0,0,0,0,0
0,2,0,0,0,0,0,0,0,0,0,0,0,0,0,0
0,0,0,0,0,0,0,0,0,0,18,0,0,0,0,0
0,0,0,0,-4,0,0,0,0,0,0,0,0,0,0,0
0,0,0,0,-8,0,0,0,0,0,0,0,0,0,0,0
0,0,0,0,0,0,0,0,0,0,2,0,0,0,0,0
0,0,0,0,2,0,0,0,0,0,0,0,0,0,0,0
0,0,0,0,0,0,0,0,0,0,0,-4,0,0,0,-12
0,0,0,0,0,0,0,0,0,0,0,-4,0,0,0,0
0,6,0,0,0,0,0,0,0,0,0,-2,0,0,0,0
0,0,0,0,0,0,0,0,0,0,0,0,4,0,0,0
4,0,0,0,0,0,0,0,0,0,0,0,0,0,0,0
0,0,0,0,0,0,0,0,0,0,0,2,0,0,0,0
0,0,0,0,0,0,2,0,0,0,0,0,0,0,0,0
0,0,0,0,0,0,2,0,0,0,0,0,0,0,0,0
0,0,0,0,0,0,0,0,0,0,0,0,0,0,0,-2
0,0,2,0,0,0,0,0,0,0,0,0,0,0,0,0
0,0,0,0,-4,0,0,0,0,0,0,-2,0,0,0,0
-4,0,0,0,0,0,0,0,0,0,0,0,0,0,0,0
0,0,0,0,0,0,0,0,0,0,0,-4,0,0,0,0
0,0,0,0,0,0,0,0,0,-2,0,0,0,0,0,0
0,0,0,2,0,2,0,0,0,0,0,0,0,0,0,0
0,0,0,0,0,2,0,0,-4,0,0,0,0,0,0,0
0,0,0,0,0,0,0,0,0,0,0,-4,0,0,0,0
0,0,0,0,0,0,0,0,0,0,-2,2,0,0,0,0
0,0,0,0,0,-2,0,0,0,0,0,0,0,0,0,0
2,0,0,0,0,0,0,0,0,0,0,0,0,0,0,0
0,0,0,0,0,0,0,0,0,0,0,-2,0,0,0,0
0,0,-2,0,0,0,0,0,2,0,0,0,0,0,0,0
0,0,0,0,0,0,0,0,2,-2,0,0,0,0,0,0
0,0,0,0,0,0,0,0,0,0,2,0,0,0,0,0
0,0,0,0,0,0,0,0,0,-2,0,0,0,0,0,0
0,0,0,0,0,2,0,0,0,0,0,-2,0,0,0,0
0,0,0,0,0,0,0,0,0,2,0,0,0,0,0,0
0,0,0,0,0,0,0,0,-2,0,0,0,0,0,0,0
0,0,-2,2,0,0,0,0,0,0,0,0,0,0,0,0
0,0,2,-2,0,0,0,0,0,0,0,0,0,0,0,0
2,0,0,0,0,0,0,0,0,0,0,0,0,0,0,0
2,0,0,0,0,0,0,0,0,0,0,4,0,0,0,0
0,0,0,0,0,0,2,0,0,0,0,4,0,0,0,0
0,0,0,0,0,0,0,0,0,0,0,2,0,0,0,0
0,0,0,0,0,0,0,0,0,0,0,2,0,0,0,0
0,0,0,0,-4,0,0,0,0,0,0,0,0,0,0,0
0,0,0,0,0,0,-2,0,0,0,0,0,0,0,0,0
0,0,0,0,0,0,0,0,0,0,0,0,0,-2,0,0
0,0,0,0,0,0,0,0,0,0,0,0,0,2,0,0
0,0,0,0,0,0,-2,0,0,0,0,2,0,0,0,0
0,0,0,0,2,0,0,0,0,0,-2,0,2,0,0,0
-4,0,0,0,0,0,0,0,0,0,0,0,0,0,0,0
0,0,-2,0,2,0,0,0,0,0,0,0,0,0,0,0
0,0,0,0,0,0,0,0,0,2,0,0,0,0,0,0
2,0,0,0,0,0,0,0,0,0,0,0,0,0,0,0
-2,0,0,0,0,0,0,0,0,0,0,0,0,0,0,0
0,0,0,0,0,0,0,0,0,0,0,6,0,0,0,0
0,-12,0,0,0,0,0,0,0,0,0,6,0,0,0,0
0,0,12,0,0,0,0,0,0,0,0,0,0,0,0,0
0,0,0,0,0,0,0,0,0,0,0,-2,0,0,0,0
0,0,0,0,0,0,0,0,2,0,-12,0,0,0,0,0
0,0,0,0,0,0,0,0,0,0,0,0,0,0,0,4
0,0,0,0,0,0,2,0,0,0,0,0,0,0,0,0
0,0,0,4,0,0,0,0,0,0,0,0,0,0,0,0
0,0,0,0,2,0,0,0,0,0,0,0,0,0,0,0
0,0,0,0,0,0,0,0,0,0,0,-2,0,0,0,0
0,0,0,0,0,0,0,0,0,0,0,-12,0,0,0,0
0,0,0,0,0,0,0,0,0,2,0,2,0,0,0,-2
0,0,0,0,0,0,2,0,0,0,0,0,0,0,0,0
0,0,0,0,0,0,0,0,0,0,0,2,0,0,0,0
0,0,-2,0,0,0,0,0,0,0,0,0,0,0,0,0
0,0,0,0,0,0,0,0,0,0,0,2,0,0,0,0
2,0,0,0,0,0,0,0,0,0,0,0,0,0,0,0
0,0,0,0,0,0,0,0,0,0,-4,0,0,0,0,0
2,0,0,0,0,0,0,0,0,0,0,0,0,0,0,0
0,0,0,0,4,0,0,0,0,0,0,0,0,0,0,0
0,0,0,0,0,0,0,0,0,0,0,-6,0,0,0,0
0,0,0,0,0,0,2,0,0,0,0,0,0,0,0,0
0,0,0,0,0,0,0,0,0,0,0,2,0,0,0,0
0,0,0,0,0,0,0,0,0,0,-2,0,0,0,0,0
0,0,0,0,0,0,0,0,0,0,-4,0,0,0,0,0
0,0,0,-2,0,0,0,0,0,0,0,0,0,0,0,0
2,0,0,0,2,0,0,0,0,0,0,0,0,0,0,0
0,0,0,0,2,0,0,0,0,0,0,0,0,0,0,0
2,0,0,0,0,0,0,0,0,0,0,0,0,0,0,0
0,0,0,0,0,0,0,0,0,0,0,-4,0,0,0,0
0,0,0,0,0,0,0,0,0,0,0,0,0,0,0,-4
0,0,0,0,0,0,0,0,0,0,0,-2,0,0,0,0
0,0,0,2,0,0,0,0,0,0,0,0,0,0,0,2
0,0,0,0,0,0,-2,0,0,0,0,0,0,0,0,0
0,0,-2,0,0,0,0,0,2,0,0,0,0,0,0,0
0,0,0,0,0,0,0,2,0,0,0,0,0,0,0,0
0,0,0,0,0,0,0,0,0,-2,0,0,0,0,0,0
0,0,0,2,0,0,0,0,0,0,0,0,0,0,0,0
0,0,0,0,0,2,0,0,0,0,0,0,0,0,0,0
0,0,0,0,-2,0,0,0,0,0,0,0,0,0,0,0
0,0,0,0,0,0,0,0,0,0,0,-2,0,0,0,0
2,0,0,0,0,0,0,0,0,0,0,0,0,0,0,2
0,0,0,0,0,0,0,0,0,0,0,0,0,0,0,-2
2,0,0,0,0,0,0,0,0,0,0,0,0,0,0,0
0,0,-4,0,0,0,0,0,0,0,0,0,0,0,0,0
0,0,0,0,0,0,2,0,0,0,0,0,0,0,0,0
0,0,0,0,0,0,2,0,0,0,0,0,0,0,0,0
0,-2,0,0,0,0,0,0,0,0,0,0,0,0,0,0
0,-2,0,2,0,0,0,0,0,0,0,0,0,0,0,0
0,0,0,0,0,0,0,0,0,0,0,2,0,0,0,-2
0,0,0,0,0,0,0,0,0,0,0,14,0,0,0,0
0,0,0,0,0,0,-2,0,0,0,0,0,0,0,0,0
0,0,0,0,0,0,-10,0,0,0,0,0,0,0,0,0
0,0,0,0,0,0,0,0,0,0,0,-2,0,0,0,0
0,0,0,0,0,0,0,0,0,0,0,2,0,0,0,0
0,0,2,0,0,0,0,0,0,0,12,2,0,0,0,0
-12,0,0,0,0,0,0,0,0,0,0,2,0,0,0,0
0,2,0,0,0,0,0,0,0,0,0,0,0,0,0,0
0,0,2,0,0,0,0,0,0,0,0,0,0,0,0,0
2,0,0,0,0,0,0,0,0,0,0,0,0,0,0,10
2,0,0,2,0,0,0,0,0,0,0,0,0,0,0,0
0,0,-2,0,0,0,0,0,0,0,0,0,0,0,0,0
0,0,0,-10,0,0,0,0,0,0,0,0,0,0,0,0
0,2,0,0,2,0,0,0,0,0,0,0,0,0,0,0
0,2,0,0,0,0,0,0,0,0,0,0,0,0,0,0
0,-2,0,0,0,0,0,0,0,0,0,0,0,0,0,0
2,0,0,0,0,0,0,0,0,0,0,0,0,0,0,0
0,0,0,0,2,0,0,0,0,0,0,-2,0,0,0,0
0,0,0,0,0,0,0,0,0,0,0,-2,0,0,0,0
0,0,0,0,0,0,0,0,0,0,0,-4,0,0,0,0
0,-4,0,0,0,0,0,0,0,0,0,-4,0,0,0,0
0,0,-2,0,0,0,0,0,0,0,0,0,0,0,0,0
0,0,-2,0,0,0,0,0,0,0,0,0,0,0,0,0
0,0,-2,0,0,0,0,0,0,2,0,0,0,0,0,0
0,0,0,0,0,0,0,0,0,0,0,2,0,0,0,0
0,0,0,2,0,0,0,0,0,0,0,0,0,0,0,0
0,0,0,0,0,0,0,0,0,0,0,0,0,0,0,-2
0,0,0,0,0,0,0,0,0,0,-2,0,0,0,0,0
0,0,0,0,0,0,0,0,0,0,0,2,0,0,0,0
-2,0,-2,0,0,0,0,0,0,0,0,0,0,0,0,0
0,0,0,0,0,0,0,0,0,0,0,6,0,0,0,0
0,0,0,0,0,0,2,0,0,0,0,4,0,0,0,0
0,0,0,0,0,0,0,0,0,2,0,0,0,0,0,0
0,0,0,0,0,0,0,0,0,0,0,2,0,0,0,0
0,0,0,0,-10,0,0,0,0,0,0,0,0,0,0,0
0,0,0,0,-2,0,0,0,0,0,-2,0,0,0,0,0
0,0,0,0,0,0,0,0,0,0,0,-4,0,0,0,0
0,0,0,0,2,0,0,0,0,0,0,-2,0,0,0,0
0,0,0,0,0,0,0,0,0,-2,0,0,0,0,0,0
0,0,2,0,0,0,-2,0,0,0,0,2,0,0,0,0
0,0,0,0,0,0,0,0,0,0,0,0,0,0,2,0
0,0,0,0,0,0,0,0,0,0,0,2,0,0,0,0
0,0,0,0,0,0,0,0,0,0,0,4,0,0,0,0
0,0,0,0,0,0,0,0,0,2,0,0,0,0,0,0
0,0,0,0,0,0,0,0,0,0,-2,0,0,0,0,0
0,0,0,0,0,0,0,0,0,2,0,0,0,0,0,0
0,0,0,0,0,0,0,0,0,0,0,-4,0,0,0,0
0,0,0,0,0,0,0,0,0,0,0,-4,0,0,0,0
0,0,0,0,0,0,0,0,0,-2,0,0,0,0,0,0
0,0,0,0,0,0,0,0,0,2,0,0,0,0,0,0
0,0,0,0,0,0,-2,0,0,0,0,0,0,0,0,0
0,0,0,2,0,0,0,0,0,0,0,-2,0,0,0,0
0,0,0,2,0,0,0,0,0,0,0,0,0,0,0,0
0,0,0,0,-2,0,0,0,0,0,0,0,0,0,0,0
0,0,0,0,0,2,0,0,0,0,0,0,0,0,0,0
0,0,0,0,0,0,0,0,-2,0,0,0,0,0,0,0
0,0,0,0,0,0,0,0,2,0,0,0,0,0,0,0
0,0,0,0,0,0,0,0,0,0,0,0,0,0,0,2
0,0,0,0,0,0,0,0,0,0,0,0,0,0,0,2
0,0,0,0,0,0,0,0,-6,0,0,0,0,0,0,0
0,0,0,0,0,0,0,0,-4,0,0,2,0,0,0,0
0,0,0,0,0,0,0,0,-2,0,0,0,0,0,0,0
0,0,0,0,0,0,0,0,0,0,0,2,0,0,0,-2
-8,0,0,0,0,0,0,0,0,0,0,0,0,0,0,0
0,0,0,0,0,0,0,0,0,2,0,0,0,0,0,0
0,0,0,0,0,0,0,0,0,2,0,0,0,0,0,0
0,0,0,0,0,0,0,0,0,0,0,-2,0,0,0,0
0,0,0,0,0,0,0,0,0,2,0,-2,0,0,0,0
0,0,0,2,0,0,0,0,0,0,0,0,0,0,0,0
0,0,0,0,0,0,0,0,0,0,0,-2,0,0,0,0
0,0,-2,0,0,0,2,0,0,0,0,0,0,0,0,0
0,0,0,0,0,0,0,0,0,2,0,0,0,0,0,0
0,0,0,-2,0,0,0,0,0,0,0,0,0,0,0,0
0,0,0,0,0,0,0,0,0,0,0,-4,0,0,0,0
0,0,0,0,0,0,0,-4,0,0,0,0,0,0,0,0
0,0,0,0,0,0,0,0,0,-2,0,0,0,0,0,0
0,0,2,0,0,0,0,0,0,0,0,0,0,0,0,0
0,0,0,0,0,0,0,0,0,-2,0,0,0,0,0,0
0,0,0,2,0,0,0,0,0,0,0,0,0,0,0,0
0,0,0,0,0,0,0,0,0,0,0,4,0,0,0,0
0,0,4,2,0,0,2,0,0,0,0,0,0,0,0,0
0,-2,0,0,0,0,0,0,0,0,0,0,0,0,0,0
0,0,0,0,0,0,-2,0,0,0,0,0,0,0,0,0
0,2,0,0,0,0,0,0,0,0,0,0,0,0,0,0
0,0,0,0,0,0,0,0,0,2,0,0,0,0,0,0
-2,0,-2,0,0,0,0,0,0,0,0,-6,0,0,0,0
0,0,0,0,0,0,0,0,0,-2,0,0,0,0,0,0
0,0,0,0,0,0,0,0,0,0,0,2,0,0,0,0
0,0,0,0,0,0,0,0,0,-2,0,0,0,0,0,0
0,0,0,2,0,0,0,0,0,0,0,0,0,0,0,0
0,0,0,0,0,0,0,-2,0,0,0,0,0,0,0,0
0,0,0,-2,0,0,0,0,0,0,0,0,0,0,0,0
0,0,0,0,0,0,0,0,2,0,0,0,0,0,0,-2
0,0,0,0,0,0,0,0,0,0,0,-2,0,0,0,0
0,0,0,0,0,0,0,0,0,2,0,0,0,0,0,0
0,0,0,0,0,0,0,0,0,0,0,2,0,0,0,0
0,0,0,0,0,0,0,0,0,-2,0,0,0,0,0,0
0,0,0,2,0,0,0,0,0,0,0,0,0,0,0,0
0,0,0,0,0,2,0,0,0,0,0,0,0,0,0,0
0,0,0,0,-2,0,0,0,0,0,0,0,0,0,0,0
0,0,0,0,0,0,0,0,-2,0,0,0,0,0,0,0
0,0,0,0,0,0,0,0,0,0,0,0,0,0,0,2
0,0,0,0,0,0,0,2,0,0,0,0,0,0,0,0
0,0,-2,0,0,0,0,0,0,0,0,0,0,0,0,0
0,2,0,0,0,0,0,0,0,0,0,0,0,0,0,0
0,2,0,0,0,0,0,0,0,0,0,0,0,0,0,0
0,2,0,0,0,0,0,0,0,0,0,4,0,0,0,0
0,-2,0,0,0,0,0,0,0,0,0,0,0,0,0,0
0,-4,0,0,0,0,0,0,0,0,0,0,0,0,0,0
0,0,0,0,-4,0,0,0,0,0,0,0,0,0,0,0
0,0,0,0,0,0,0,-2,0,0,0,0,0,0,0,0
0,0,0,0,0,2,0,0,0,0,0,0,0,0,0,0
0,0,0,0,0,0,0,0,0,0,0,0,0,0,0,2
0,0,0,0,-2,0,0,0,0,0,0,0,0,0,0,0
0,0,0,0,2,0,0,0,0,0,0,0,0,0,0,0
0,0,0,0,0,0,0,0,0,0,0,0,0,0,0,-2
0,0,0,0,0,0,0,0,0,0,0,0,0,0,0,-2
0,0,0,0,0,0,0,0,2,0,0,0,0,0,0,0
0,0,-2,0,0,0,0,0,0,0,0,0,0,0,0,0
0,0,0,0,0,0,0,0,0,2,0,0,0,0,0,0
0,0,0,-6,0,0,0,0,0,0,0,0,0,0,0,0
0,0,0,-8,0,0,0,0,0,0,0,0,-2,0,0,0
0,0,0,0,0,0,0,0,0,0,0,0,0,0,0,2
0,0,14,0,0,0,0,0,0,0,0,0,0,0,0,2
0,2,0,0,0,0,0,0,0,0,0,0,0,0,0,0
0,0,0,0,0,-12,0,0,0,0,0,0,0,0,0,0
0,0,0,0,0,-2,0,0,0,0,0,0,0,0,0,0
0,0,0,0,0,0,0,0,0,0,0,0,0,0,0,2
0,0,-2,0,0,0,0,0,0,0,0,0,0,0,0,0
0,0,0,2,0,0,0,0,0,0,0,0,0,0,0,0
0,0,0,0,0,0,0,0,0,0,0,0,0,0,0,2
0,0,2,0,0,0,0,0,0,0,0,0,0,0,0,0
0,0,0,0,0,0,0,0,0,0,0,0,0,0,0,-4
-2,0,2,0,0,0,0,0,0,0,0,0,0,0,0,-2
0,0,0,0,0,0,0,0,0,0,-2,0,0,0,0,0
0,-2,0,0,0,0,0,0,0,0,0,0,0,0,0,0
2,0,0,0,0,0,0,0,0,0,0,0,0,0,0,0
0,0,0,0,0,0,0,0,0,-2,0,0,0,0,0,0
0,0,-2,0,0,0,0,0,0,0,0,0,0,0,0,0
0,0,0,0,0,0,0,0,0,0,2,0,0,0,0,0
0,0,0,0,0,0,0,0,0,0,0,0,0,0,0,-2
0,0,0,0,0,0,0,0,0,0,0,0,0,0,0,2
0,0,0,0,0,0,0,0,0,0,0,0,0,0,0,2
-4,0,0,0,0,0,0,0,0,0,0,0,0,0,0,0
0,0,0,2,0,0,0,0,0,-2,0,0,0,0,0,0
0,0,-2,0,0,0,0,0,0,2,0,0,0,0,0,0
0,0,0,2,0,0,0,0,0,0,0,0,0,0,0,0
0,0,0,2,0,0,0,0,0,0,0,0,0,0,0,0
0,0,0,2,0,0,0,0,0,0,0,0,0,0,0,0
0,0,0,0,0,0,0,0,0,0,-2,0,0,0,0,0
0,0,0,0,0,0,0,0,0,0,-2,0,0,0,0,0
0,0,0,0,0,2,0,0,0,0,0,0,0,0,0,0
0,0,0,0,0,-2,0,0,0,0,0,0,0,0,0,0
0,0,0,0,0,0,0,0,0,0,0,2,0,0,0,0
0,0,0,0,0,0,0,0,0,0,0,-2,0,0,0,0
0,0,-2,0,0,0,0,0,0,0,0,0,0,0,0,0
0,0,0,0,0,0,0,0,0,0,0,2,0,0,0,0
0,0,0,0,2,0,0,0,0,0,0,-2,0,0,0,0
0,0,0,0,0,0,0,0,0,0,0,0,0,0,0,2
0,0,0,0,0,0,0,0,0,-2,0,0,0,0,0,0
0,0,0,0,0,0,0,0,0,0,0,2,0,0,0,0
0,0,0,0,0,0,-2,0,0,0,0,0,0,0,0,0
0,0,0,-2,0,0,0,2,0,0,0,0,0,0,0,0
0,0,0,0,0,0,0,0,0,0,-2,0,0,0,0,0
0,0,0,0,0,0,0,0,0,0,0,0,0,0,0,2
0,0,8,0,0,0,0,0,0,0,0,0,0,0,0,0
0,0,0,0,0,0,0,0,0,0,0,0,0,0,0,-2
0,0,2,0,0,0,0,0,0,0,0,0,0,0,0,0
0,0,0,0,0,0,0,0,0,0,0,0,0,0,2,0
0,2,0,0,0,0,0,0,0,0,0,0,0,0,0,0
0,0,4,0,0,0,0,0,0,0,0,0,0,0,0,0
0,-2,2,0,-2,0,0,0,0,0,0,0,0,0,0,0
0,0,0,0,0,0,0,0,0,0,0,0,0,0,-2,0
0,0,-4,0,0,0,0,0,0,0,0,0,0,0,0,0
0,0,-2,0,2,0,0,0,0,0,0,0,0,0,0,0
0,0,0,0,0,0,0,0,0,2,0,0,0,0,0,0
0,0,0,0,0,2,0,0,0,0,0,0,0,0,0,0
0,0,-2,0,0,0,0,0,0,0,0,0,0,0,0,0
0,0,0,0,0,2,0,0,0,0,0,2,0,0,0,0
0,0,0,0,0,0,0,0,0,0,0,2,0,0,0,0
0,0,0,0,0,0,0,0,0,0,0,0,0,0,0,-4
0,0,0,0,0,0,0,0,0,0,0,2,0,0,0,0
0,0,0,0,0,0,0,0,0,0,-2,0,0,0,0,0
0,0,-2,0,0,0,0,0,0,0,0,0,0,0,0,0
0,2,0,0,0,0,0,0,0,2,0,2,0,0,0,0
0,2,0,0,0,0,0,0,2,0,0,0,0,0,0,0
0,-2,0,0,0,0,0,0,0,0,2,0,0,0,0,0
0,-2,0,0,0,0,0,0,0,0,-4,0,0,0,0,0
0,-2,0,0,0,0,2,0,0,0,0,0,0,0,0,0
0,0,0,0,0,0,0,-8,0,0,0,-2,0,0,0,0
0,0,0,0,0,0,0,0,0,0,0,-4,0,0,0,0
0,0,0,0,0,0,2,0,0,0,2,0,0,0,0,0
0,0,0,0,0,0,-14,0,0,0,12,0,0,0,0,0
0,0,0,0,2,0,0,0,0,0,0,0,0,0,0,-2
0,0,0,0,0,0,0,0,0,-2,0,0,0,0,0,0
0,0,0,2,0,0,0,0,0,0,0,0,0,0,0,0
0,0,0,0,0,0,0,2,0,0,0,0,0,0,0,0
0,0,0,0,2,0,0,0,0,0,0,0,0,0,0,0
0,0,0,0,0,2,0,0,0,0,0,0,0,0,0,0
0,2,0,0,0,0,0,0,0,0,0,0,0,0,0,-2
0,0,0,0,0,0,0,0,0,0,0,2,0,0,0,0
0,0,2,0,0,0,0,0,0,0,0,0,0,0,0,0
0,0,0,0,0,0,0,0,0,0,0,2,0,0,0,0
0,0,0,0,0,0,0,0,0,0,0,0,0,2,0,0
0,0,0,0,2,0,0,0,0,-4,0,-2,0,0,0,0
0,0,0,0,0,0,2,0,0,0,0,-4,0,0,0,0
0,2,0,0,0,0,0,0,0,0,0,0,0,0,0,0
0,0,0,0,0,0,0,0,2,0,0,-2,0,0,0,0
0,2,0,0,0,2,0,-2,0,0,0,0,0,0,0,0
0,0,0,0,0,0,0,2,0,0,0,0,0,0,0,0
0,0,0,0,2,0,0,0,0,0,0,0,0,0,0,0
0,-2,0,0,0,0,0,0,0,0,0,0,0,0,0,0
0,-2,0,0,0,0,0,0,0,0,0,0,0,0,0,0
0,0,-2,0,0,0,0,0,0,0,0,0,0,0,0,0
0,0,0,2,0,0,0,0,0,0,0,0,0,0,0,0
0,0,-2,0,0,0,0,0,0,0,0,0,0,0,0,0
0,0,0,0,0,0,0,0,0,0,0,-2,0,0,0,0
0,0,0,0,0,0,0,0,0,0,0,2,0,0,0,0
0,0,0,0,0,0,0,0,0,0,0,2,0,0,0,0
0,0,0,0,0,0,0,0,0,0,-2,0,0,0,0,0
0,0,0,0,0,-2,0,0,0,0,0,0,0,0,0,0
0,0,0,0,-2,0,0,0,0,0,0,0,0,0,0,0
0,0,0,0,0,0,0,0,0,0,0,2,0,0,0,0
0,0,0,0,0,0,0,0,0,0,0,2,0,0,0,0
2,0,2,0,0,0,0,0,0,0,0,0,0,0,0,0
0,0,0,0,0,0,0,0,0,0,-2,0,0,0,0,0
-2,0,0,0,0,0,0,0,0,0,0,0,0,0,0,0
0,0,-2,0,0,0,0,0,0,0,0,0,0,0,0,0
2,0,0,0,0,0,0,0,0,0,0,0,0,0,0,0
0,0,0,0,0,0,0,0,2,0,0,-2,0,0,0,0
0,0,0,0,0,0,0,0,0,0,0,0,0,0,0,-2
2,0,0,0,0,0,0,0,0,0,0,0,0,0,0,0
0,0,0,0,0,0,0,0,0,0,0,2,0,0,0,0
0,0,0,0,0,0,0,0,0,0,0,-6,0,0,0,0
0,0,0,0,0,0,-2,0,0,0,0,2,0,0,0,0
